"","longitude","latitude","date","year","time_frame"
"1",-80.3424064204,43.3775565036,2019-03-28,2019,"T2"
"2",-78.283542,44.469156,2006-06-28,2006,"T2"
"3",-92.7550443333,45.0149037667,2019-03-27,2019,"T2"
"4",-85.7032422823,37.8957224064,2019-03-26,2019,"T2"
"5",-82.8320198225,42.0360317795,2019-03-24,2019,"T2"
"6",-91.761635428,31.8124226895,2019-03-23,2019,"T2"
"7",-76.325237,45.435773,2019-01-12,2019,"T2"
"8",-85.9440111645,32.2120838262,2019-03-21,2019,"T2"
"9",-81.8545611111,42.5194944444,2019-03-18,2019,"T2"
"10",-76.223361,45.090422,2018-12-15,2018,"T2"
"11",-80.4270944444,43.3811194444,2019-03-17,2019,"T2"
"12",-80.4180722222,43.3684416667,2019-03-17,2019,"T2"
"13",-80.4223666667,43.3802083333,2019-03-17,2019,"T2"
"14",-76.696045,44.2229366667,2019-03-13,2019,"T2"
"15",-77.936041702,42.7011216849,2019-03-10,2019,"T2"
"16",-75.797456,45.371559,2018-10-20,2018,"T2"
"17",-75.797853,45.372879,2018-10-20,2018,"T2"
"18",-80.445335004,43.3863228692,2019-03-01,2019,"T2"
"19",-73.2791667146,44.6272365075,2018-08-14,2018,"T2"
"20",-79.7603533333,44.4346716667,2019-03-01,2019,"T2"
"21",-88.9664268,42.4219359,2018-05-08,2018,"T2"
"22",-87.12398001,32.3168727989,2019-02-26,2019,"T2"
"23",-75.1719481823,45.0394867493,2019-02-26,2019,"T2"
"24",-87.1239471667,32.3168666667,2019-02-26,2019,"T2"
"25",-87.1237618417,32.3168232351,2019-02-26,2019,"T2"
"26",-83.7948216667,40.0593638333,2019-02-23,2019,"T2"
"27",-80.1060471667,43.4190216667,2019-02-24,2019,"T2"
"28",-81.1844106385,43.0742835952,2019-02-21,2019,"T2"
"29",-77.2053989953,44.4309102534,2012-08-21,2012,"T2"
"30",-92.101171,44.401884,2000-09-30,2000,"T2"
"31",-77.1224387692,43.9929883705,2018-10-12,2018,"T2"
"32",-81.1943805556,43.0718638889,2019-02-18,2019,"T2"
"33",-79.3326321767,43.7021348294,2018-06-17,2018,"T2"
"34",-80.2285110694,43.3168328296,2019-01-27,2019,"T2"
"35",-76.8680535885,43.9461151438,2008-05-14,2008,"T2"
"36",-76.9035716667,42.7162366667,2019-02-11,2019,"T2"
"37",-80.3490310964,43.3366564385,2019-02-09,2019,"T2"
"38",-77.7442998857,44.2854286853,2011-08-27,2011,"T2"
"39",-88.2214156098,41.4089375826,2019-02-05,2019,"T2"
"40",-88.221801,41.407785,2019-02-03,2019,"T2"
"41",-87.7784095814,42.0013326693,2019-02-03,2019,"T2"
"42",-87.79090003,42.00706733,2019-02-03,2019,"T2"
"43",-76.5304022376,44.2877060585,2019-02-02,2019,"T2"
"44",-76.6518959776,44.1749207135,2019-02-02,2019,"T2"
"45",-75.347619,45.259497,2018-08-11,2018,"T2"
"46",-88.2687198808,41.7527323927,2018-09-08,2018,"T2"
"47",-75.853556,45.320826,2018-07-15,2018,"T2"
"48",-85.8221297302,32.2282230671,2012-04-26,2012,"T2"
"49",-89.4743974179,40.85018817,2019-01-18,2019,"T2"
"50",-80.1106866296,43.4154957375,2016-09-04,2016,"T2"
"51",-80.9847292761,43.251334198,2019-01-16,2019,"T2"
"52",-93.4993802298,44.8988595797,2018-05-01,2018,"T2"
"53",-75.837197,44.540219,2018-07-01,2018,"T2"
"54",-73.2090223886,43.8505161001,2019-01-07,2019,"T2"
"55",-77.3187289,44.4849793869,2018-07-01,2018,"T2"
"56",-79.9294444444,43.290825,2019-01-05,2019,"T2"
"57",-75.22436,45.206806,2018-06-17,2018,"T2"
"58",-74.154966,45.111696,2018-06-09,2018,"T2"
"59",-74.277477,45.066377,2018-06-09,2018,"T2"
"60",-75.351828,45.51898,2019-01-03,2019,"T2"
"61",-79.97853,43.5103866667,2018-12-30,2018,"T2"
"62",-76.31755,44.829045,2018-04-29,2018,"T2"
"63",-76.223199,45.477079,2018-04-28,2018,"T2"
"64",-76.220945,45.489429,2018-04-28,2018,"T2"
"65",-80.0032529952,43.4328836753,2018-07-31,2018,"T2"
"66",-79.9971098567,43.4834660484,2018-07-06,2018,"T2"
"67",-76.218427,45.48174,2018-04-28,2018,"T2"
"68",-82.7889611111,42.2119083333,2018-12-19,2018,"T2"
"69",-87.885484,41.720486,2018-12-16,2018,"T2"
"70",-87.830977,41.841113,2018-12-08,2018,"T2"
"71",-73.3314361572,44.0771026611,2018-12-08,2018,"T2"
"72",-81.7024388889,42.4561694444,2018-12-02,2018,"T2"
"73",-93.5893643,41.2923732,2018-07-26,2018,"T2"
"74",-75.6914247572,44.9873563546,2018-11-18,2018,"T2"
"75",-78.141975,40.3572966667,2018-09-24,2018,"T2"
"76",-81.1826552823,43.0639571281,2018-11-17,2018,"T2"
"77",-87.9656066895,41.1882514954,2018-11-07,2018,"T2"
"78",-76.9124386164,42.7378949036,2013-05-03,2013,"T2"
"79",-76.091514,42.995576,2018-11-03,2018,"T2"
"80",-73.2275916667,44.3116416667,2018-11-02,2018,"T2"
"81",-76.0908361592,42.9971424816,2014-05-17,2014,"T2"
"82",-84.123886145,34.1246640817,2018-10-29,2018,"T2"
"83",-75.7093614592,44.3367425556,2018-09-16,2018,"T2"
"84",-83.9334044,42.4237667,2015-08-22,2015,"T2"
"85",-83.9334044,42.4237667,2015-08-22,2015,"T2"
"86",-73.8448845615,45.5725544598,2018-10-25,2018,"T2"
"87",-83.5484161377,42.5013580322,2018-10-24,2018,"T2"
"88",-87.7120533333,42.0602333333,2018-10-20,2018,"T2"
"89",-89.6052204072,40.8584437244,2018-10-20,2018,"T2"
"90",-87.7908466667,42.0100527833,2018-10-06,2018,"T2"
"91",-86.0788775335,43.3019681486,2018-08-19,2018,"T2"
"92",-75.7919287729,45.370789514,2017-08-16,2017,"T2"
"93",-88.9956447419,41.3119542943,2018-08-10,2018,"T2"
"94",-85.7047902746,42.978364172,2018-10-13,2018,"T2"
"95",-80.3924567172,43.3045966797,2018-10-12,2018,"T2"
"96",-83.37359658,42.34666063,2018-10-11,2018,"T2"
"97",-75.797289638,45.3715256185,2018-10-08,2018,"T2"
"98",-73.1496091001,44.0076897014,2018-10-08,2018,"T2"
"99",-73.3436134458,44.6682520258,2018-10-06,2018,"T2"
"100",-73.7976104301,40.7126340224,2018-10-06,2018,"T2"
"101",-76.2112128922,45.4815838812,2018-10-02,2018,"T2"
"102",-75.7919514085,45.37079909,2018-09-28,2018,"T2"
"103",-76.2211616667,45.4893716667,2018-09-28,2018,"T2"
"104",-76.2228166667,45.4894466667,2018-09-28,2018,"T2"
"105",-76.2218633333,45.4883583333,2018-09-28,2018,"T2"
"106",-82.8089886935,40.0638908581,2018-09-28,2018,"T2"
"107",-82.81896782,40.08250495,2018-09-27,2018,"T2"
"108",-82.8212993313,40.0867268863,2018-09-27,2018,"T2"
"109",-74.2907544225,45.0816573943,2018-09-22,2018,"T2"
"110",-93.5292666667,45.0321583333,2018-09-22,2018,"T2"
"111",-81.8007946726,43.2759524961,2018-09-01,2018,"T2"
"112",-76.0234221667,45.4398883333,2018-09-18,2018,"T2"
"113",-90.0497316389,42.4468912778,2018-09-13,2018,"T2"
"114",-83.95209864,38.5091094796,2018-09-12,2018,"T2"
"115",-79.1586482897,43.1494384085,2018-09-08,2018,"T2"
"116",-75.7920274578,45.3708757374,2015-08-28,2015,"T2"
"117",-89.1585634,40.6626421,2018-09-09,2018,"T2"
"118",-93.4306349676,44.8858275602,2018-09-09,2018,"T2"
"119",-75.8687879439,45.3615772007,2018-09-08,2018,"T2"
"120",-89.8844197667,43.86760525,2018-09-07,2018,"T2"
"121",-80.2124866667,43.5352333333,2018-09-07,2018,"T2"
"122",-88.52743,42.86823,2018-08-31,2018,"T2"
"123",-89.8472152333,43.8902055333,2018-09-05,2018,"T2"
"124",-89.8428553,43.8658016833,2018-09-05,2018,"T2"
"125",-80.3592053801,43.4081533331,2018-09-04,2018,"T2"
"126",-72.601811,42.0393605,2018-09-02,2018,"T2"
"127",-81.8005916667,43.2746416667,2018-09-01,2018,"T2"
"128",-88.1891416667,43.5997866667,2018-08-27,2018,"T2"
"129",-79.854169855,43.3156994204,2018-08-28,2018,"T2"
"130",-82.2659563889,42.6558663889,2018-08-27,2018,"T2"
"131",-89.004723,43.173768,2018-08-06,2018,"T2"
"132",-85.3930089623,43.2141993119,2018-08-24,2018,"T2"
"133",-76.5152934,44.3239654,2018-08-26,2018,"T2"
"134",-74.6877777778,45.2686111111,2018-08-25,2018,"T2"
"135",-73.7580185846,43.0902292916,2018-08-20,2018,"T2"
"136",-82.7116440051,42.1799200774,2018-08-23,2018,"T2"
"137",-81.8807833333,43.2342694444,2018-08-20,2018,"T2"
"138",-81.8807833333,43.2342694444,2018-08-20,2018,"T2"
"139",-86.390704969,35.8404433402,2018-08-22,2018,"T2"
"140",-75.86493,45.3605383333,2018-08-22,2018,"T2"
"141",-88.1176611667,43.4220916667,2018-08-16,2018,"T2"
"142",-90.591134,43.179952,2018-08-14,2018,"T2"
"143",-81.8807833333,43.23427,2018-08-20,2018,"T2"
"144",-84.9376890623,42.6948747877,2018-08-19,2018,"T2"
"145",-73.2692985008,44.9649792121,2018-08-16,2018,"T2"
"146",-89.8257039395,44.2093005404,2018-08-19,2018,"T2"
"147",-88.3027801514,41.8736114502,2018-08-18,2018,"T2"
"148",-76.2530517578,44.7672233582,2018-08-17,2018,"T2"
"149",-76.0612500831,44.5032664321,2018-08-16,2018,"T2"
"150",-73.7593489603,43.0900255802,2018-08-17,2018,"T2"
"151",-77.3661270142,44.5396385193,2018-08-16,2018,"T2"
"152",-74.7347335815,41.0182113647,2018-08-14,2018,"T2"
"153",-76.0922152517,42.9922509708,2018-08-15,2018,"T2"
"154",-88.0554721667,44.7183416667,2018-08-12,2018,"T2"
"155",-79.933205,43.2924216667,2018-08-13,2018,"T2"
"156",-93.1922187,44.9103483,2018-08-10,2018,"T2"
"157",-85.1024483229,44.5776928159,2018-06-22,2018,"T2"
"158",-75.7950528536,45.3687125224,2018-08-13,2018,"T2"
"159",-81.7236466667,42.4784133333,2018-08-12,2018,"T2"
"160",-73.51117,42.0179166667,2018-08-11,2018,"T2"
"161",-85.4689160642,43.0550015811,2018-08-12,2018,"T2"
"162",-85.4690266836,43.0547223126,2018-08-12,2018,"T2"
"163",-87.662038,44.28221,2018-08-10,2018,"T2"
"164",-78.2693843544,44.2974919221,2018-08-09,2018,"T2"
"165",-73.9668312483,40.6647412107,2018-08-09,2018,"T2"
"166",-73.9672583063,40.665523368,2018-08-09,2018,"T2"
"167",-93.4686202928,45.3446076729,2018-08-04,2018,"T2"
"168",-73.2182216667,44.03,2016-09-19,2016,"T2"
"169",-76.0298149288,44.5083533012,2018-08-05,2018,"T2"
"170",-91.0596370139,43.9051049296,2018-08-07,2018,"T2"
"171",-84.66382,38.8493333333,2018-08-07,2018,"T2"
"172",-86.3600885828,32.2017104747,2018-08-07,2018,"T2"
"173",-89.31828,41.19402,2018-08-04,2018,"T2"
"174",-77.1045445,44.3518,2018-08-05,2018,"T2"
"175",-85.5909500122,42.3410873413,2018-06-25,2018,"T2"
"176",-89.317605,41.1974516667,2018-08-04,2018,"T2"
"177",-89.3254316667,41.2041266667,2018-08-04,2018,"T2"
"178",-85.7419884026,39.7630715546,2018-08-04,2018,"T2"
"179",-78.1543111667,44.19768,2018-08-02,2018,"T2"
"180",-81.8780517578,43.2355537415,2018-07-30,2018,"T2"
"181",-84.4785125648,41.5771648894,2018-08-03,2018,"T2"
"182",-76.6165,45.45857,2018-08-03,2018,"T2"
"183",-81.8780517578,43.2355537415,2018-07-30,2018,"T2"
"184",-80.3399116667,43.416455,2018-08-02,2018,"T2"
"185",-84.5952218492,42.5857760618,2018-08-02,2018,"T2"
"186",-76.2518833333,44.7695111111,2018-08-01,2018,"T2"
"187",-92.7118641884,44.9335525465,2018-07-31,2018,"T2"
"188",-90.6347883333,43.5967833333,2018-07-31,2018,"T2"
"189",-81.8741111111,43.2312638889,2018-07-30,2018,"T2"
"190",-76.25197,44.76948,2018-07-27,2018,"T2"
"191",-93.3230148164,44.9990576227,2018-07-29,2018,"T2"
"192",-93.1303530671,45.1917844013,2018-07-29,2018,"T2"
"193",-88.831295,43.2747065,2018-07-22,2018,"T2"
"194",-90.116331887,43.1481645653,2018-07-26,2018,"T2"
"195",-88.9901716667,41.3192466667,2018-07-27,2018,"T2"
"196",-84.6867833561,41.6949377117,2018-07-26,2018,"T2"
"197",-80.5398416667,42.6578616667,2018-07-27,2018,"T2"
"198",-91.54743863,42.21227604,2018-07-25,2018,"T2"
"199",-87.4595584461,41.6196536593,2018-07-25,2018,"T2"
"200",-87.831582,41.817465,2018-07-21,2018,"T2"
"201",-92.64360536,44.52689545,2018-07-24,2018,"T2"
"202",-74.84736,45.157467,2018-04-08,2018,"T2"
"203",-89.9009163333,43.9224426667,2018-07-22,2018,"T2"
"204",-92.04322285,44.04761215,2018-07-22,2018,"T2"
"205",-89.02699435,43.8843574333,2018-07-21,2018,"T2"
"206",-92.041808,44.054319,2018-07-21,2018,"T2"
"207",-83.3652279341,44.4341255632,2018-07-09,2018,"T2"
"208",-81.9549269464,42.7285462669,2018-07-18,2018,"T2"
"209",-85.5366666667,42.984045,2018-07-18,2018,"T2"
"210",-75.804597633,45.4203985865,2018-07-18,2018,"T2"
"211",-77.875898745,44.203093488,2018-07-17,2018,"T2"
"212",-75.942334,45.33963,2018-03-04,2018,"T2"
"213",-76.250341,45.268689,2018-03-04,2018,"T2"
"214",-80.3425888889,43.3775888889,2018-07-15,2018,"T2"
"215",-89.7723152396,39.8931156937,2018-07-14,2018,"T2"
"216",-75.055903,45.194423,2018-02-18,2018,"T2"
"217",-75.062429,45.191205,2018-02-18,2018,"T2"
"218",-75.060678,45.181114,2018-02-18,2018,"T2"
"219",-93.1805419922,45.1053657532,2018-07-08,2018,"T2"
"220",-88.522258,44.6988370001,2018-07-07,2018,"T2"
"221",-78.2693634033,44.2991065979,2018-07-10,2018,"T2"
"222",-80.2838698046,43.3797854873,2018-07-07,2018,"T2"
"223",-76.2502446921,44.7702677827,2018-06-27,2018,"T2"
"224",-87.9002227783,42.2304992676,2018-07-07,2018,"T2"
"225",-80.3134972222,43.3212555556,2018-07-06,2018,"T2"
"226",-76.3307626582,44.5710465606,2011-08-06,2011,"T2"
"227",-89.90029105,43.9185931333,2018-07-03,2018,"T2"
"228",-89.9965698172,40.3662083664,2018-07-03,2018,"T2"
"229",-85.5601303653,43.4003950004,2018-07-02,2018,"T2"
"230",-91.952195,44.8506366667,2018-06-26,2018,"T2"
"231",-78.2691316667,44.2988366667,2018-07-01,2018,"T2"
"232",-73.958175,45.4462966667,2018-07-02,2018,"T2"
"233",-89.7223175167,43.4183164333,2018-06-28,2018,"T2"
"234",-76.582708,44.498614,2018-06-16,2018,"T2"
"235",-79.9492866667,43.4715916667,2018-06-26,2018,"T2"
"236",-85.62937672,37.9874548223,2018-06-27,2018,"T2"
"237",-75.3849029541,45.2723083496,2018-06-26,2018,"T2"
"238",-76.580125,44.506095,2018-06-16,2018,"T2"
"239",-89.2446639907,42.481259364,2018-06-23,2018,"T2"
"240",-88.2186393813,43.1514148834,2018-06-26,2018,"T2"
"241",-88.218568219,43.1514609838,2018-06-26,2018,"T2"
"242",-92.9229321808,43.8478820027,2018-06-19,2018,"T2"
"243",-91.9271,44.8599133333,2018-06-25,2018,"T2"
"244",-77.7998683333,44.2965983333,2018-06-25,2018,"T2"
"245",-87.7984564193,43.537410996,2018-06-25,2018,"T2"
"246",-88.9935833333,41.319345,2018-06-23,2018,"T2"
"247",-88.4751779678,42.5900866666,2018-06-23,2018,"T2"
"248",-89.8069416833,44.0073504833,2018-06-22,2018,"T2"
"249",-89.8070342833,44.00869195,2018-06-22,2018,"T2"
"250",-77.5897611213,44.1305803042,2018-06-21,2018,"T2"
"251",-77.1596775552,43.8510668645,2018-06-22,2018,"T2"
"252",-84.2446805726,41.9154202762,2018-06-16,2018,"T2"
"253",-73.15546695,44.35911196,2018-06-21,2018,"T2"
"254",-82.6322801,41.75508792,2018-06-20,2018,"T2"
"255",-74.6407289711,45.2738971264,2018-06-19,2018,"T2"
"256",-73.3986471512,43.573787073,2018-06-18,2018,"T2"
"257",-87.8154726448,44.4000428166,2018-06-03,2018,"T2"
"258",-88.0751840369,40.5273899697,2018-06-16,2018,"T2"
"259",-75.3178710938,45.2234420776,2018-06-15,2018,"T2"
"260",-89.4176906,43.7639409,2018-06-09,2018,"T2"
"261",-75.7277819329,44.8672691267,2018-06-15,2018,"T2"
"262",-89.4188975,43.759433,2018-06-09,2018,"T2"
"263",-85.5808181763,42.3573150635,2018-06-13,2018,"T2"
"264",-85.58090272,42.3612312088,2018-06-13,2018,"T2"
"265",-84.6267776489,39.5870933533,2018-06-13,2018,"T2"
"266",-75.7775803283,44.9854801646,2018-05-29,2018,"T2"
"267",-88.033812,43.73258,2018-06-02,2018,"T2"
"268",-88.032541,43.73275,2018-06-02,2018,"T2"
"269",-77.3694430556,44.5394813889,2018-06-06,2018,"T2"
"270",-80.4411136779,43.4061781434,2018-06-07,2018,"T2"
"271",-84.51914262,42.25982922,2018-06-07,2018,"T2"
"272",-80.1942893398,43.5435097525,2018-06-06,2018,"T2"
"273",-88.2476415314,41.401049773,2018-05-25,2018,"T2"
"274",-89.8524368667,43.0219882833,2018-06-03,2018,"T2"
"275",-83.56002003,42.5104409,2018-06-05,2018,"T2"
"276",-73.315039,44.641466,2018-06-01,2018,"T2"
"277",-73.3154986617,44.6423784097,2018-06-01,2018,"T2"
"278",-92.5923394331,45.3824172813,2018-06-03,2018,"T2"
"279",-76.0954929726,44.9025321389,2018-06-03,2018,"T2"
"280",-85.46478212,42.48458365,2018-06-03,2018,"T2"
"281",-87.7113887296,42.0602431801,2018-06-02,2018,"T2"
"282",-87.7115060762,42.0600215206,2018-06-02,2018,"T2"
"283",-87.79123005,42.01023446,2018-06-02,2018,"T2"
"284",-83.7098312378,42.2424201965,2018-06-01,2018,"T2"
"285",-77.9757838116,43.0913090914,2018-05-30,2018,"T2"
"286",-74.6521496494,45.167926359,2018-06-01,2018,"T2"
"287",-74.6517733858,45.1678016782,2018-06-01,2018,"T2"
"288",-73.3156908118,44.6389275184,2018-06-01,2018,"T2"
"289",-86.6468167936,41.6682661807,2018-05-31,2018,"T2"
"290",-78.1262583333,44.4576,2018-05-30,2018,"T2"
"291",-90.8666252718,43.7408001136,2018-05-19,2018,"T2"
"292",-76.2476577424,45.4877320072,2018-05-31,2018,"T2"
"293",-75.7517218218,45.4385095742,2018-05-31,2018,"T2"
"294",-86.0212287103,40.0766318091,2018-05-16,2018,"T2"
"295",-75.790161565,45.3704794916,2018-05-30,2018,"T2"
"296",-75.7874893305,45.3713448812,2018-05-30,2018,"T2"
"297",-75.8575282619,45.349019263,2018-05-30,2018,"T2"
"298",-75.8803451434,45.3659216222,2018-05-30,2018,"T2"
"299",-75.8815694042,45.3660163377,2018-05-30,2018,"T2"
"300",-75.8843358514,45.3656257829,2018-05-30,2018,"T2"
"301",-83.543625,42.42873,2018-05-27,2018,"T2"
"302",-76.2378264406,45.1002668823,2018-05-29,2018,"T2"
"303",-76.1865595356,45.1695244527,2018-05-29,2018,"T2"
"304",-91.2513519,43.9214995,2018-05-18,2018,"T2"
"305",-92.7476978302,45.5196390876,2018-05-28,2018,"T2"
"306",-75.7924132795,45.3701955965,2018-05-28,2018,"T2"
"307",-75.792121254,45.3696709313,2018-05-28,2018,"T2"
"308",-75.7955708262,45.3680756037,2018-05-28,2018,"T2"
"309",-75.7971851808,45.3715737071,2018-05-28,2018,"T2"
"310",-75.7977032662,45.3729372332,2018-05-28,2018,"T2"
"311",-85.439095,43.276795,2018-05-26,2018,"T2"
"312",-85.00171025,42.4749079444,2017-08-23,2017,"T2"
"313",-75.3848353588,45.2723194845,2018-05-25,2018,"T2"
"314",-85.54068,43.2169383333,2018-05-24,2018,"T2"
"315",-75.3511302174,45.5241246382,2018-05-24,2018,"T2"
"316",-75.9496691824,45.3439766681,2018-05-24,2018,"T2"
"317",-79.9928033333,43.5029283333,2018-05-10,2018,"T2"
"318",-89.81776285,43.99843425,2018-05-22,2018,"T2"
"319",-91.470111,44.0250571667,2018-05-21,2018,"T2"
"320",-91.48481165,44.0275281667,2018-05-20,2018,"T2"
"321",-88.947486,43.059564,2018-05-17,2018,"T2"
"322",-79.8844,43.2698266667,2018-05-19,2018,"T2"
"323",-87.5300966667,41.68185,2018-05-19,2018,"T2"
"324",-93.916834686,46.3432045514,2018-05-19,2018,"T2"
"325",-80.3424002535,43.3774989445,2018-05-19,2018,"T2"
"326",-79.6459116667,42.9210033333,2018-05-18,2018,"T2"
"327",-89.9016497667,43.92054195,2018-05-18,2018,"T2"
"328",-88.54145436,41.64161431,2018-05-17,2018,"T2"
"329",-85.870777,42.66981854,2011-07-15,2011,"T2"
"330",-82.8291893005,41.4153116624,2018-05-15,2018,"T2"
"331",-84.0340221545,42.1990029727,2018-05-08,2018,"T2"
"332",-92.5962725,44.5543133333,2018-05-13,2018,"T2"
"333",-87.8635686,41.7719438,2018-05-13,2018,"T2"
"334",-88.540846,43.455534,2018-05-12,2018,"T2"
"335",-89.9025593333,43.919629,2018-05-12,2018,"T2"
"336",-84.8517288535,42.8825526389,2018-05-07,2018,"T2"
"337",-89.9003153333,43.9218781667,2018-05-11,2018,"T2"
"338",-82.2417908907,42.7254638354,2018-05-11,2018,"T2"
"339",-93.3956965619,44.8711190187,2018-05-11,2018,"T2"
"340",-75.791731,45.369462,2018-05-11,2018,"T2"
"341",-75.789586,45.371874,2018-05-11,2018,"T2"
"342",-84.1118444444,42.1831666667,2018-05-08,2018,"T2"
"343",-75.6624222222,44.4305888889,2016-05-11,2016,"T2"
"344",-93.5004115105,44.8978054245,2018-05-07,2018,"T2"
"345",-87.826805,41.881877,2018-05-06,2018,"T2"
"346",-87.7504583333,40.13985,2018-05-05,2018,"T2"
"347",-83.74968,42.3016466667,2018-04-30,2018,"T2"
"348",-80.3535916667,43.3842083333,2018-04-30,2018,"T2"
"349",-93.69624,44.6669,2018-04-29,2018,"T2"
"350",-87.7754638347,42.0649904706,2018-04-29,2018,"T2"
"351",-87.77812442,42.06329827,2018-04-29,2018,"T2"
"352",-87.82635093,41.88113968,2018-04-29,2018,"T2"
"353",-87.82609877,41.8811878,2018-04-29,2018,"T2"
"354",-87.77690375,42.06466126,2018-04-29,2018,"T2"
"355",-87.7804317168,42.0649146283,2018-04-29,2018,"T2"
"356",-93.4516755213,44.9548140821,2018-04-29,2018,"T2"
"357",-87.774151,42.065027,2018-04-29,2018,"T2"
"358",-87.77811885,42.06355631,2018-04-29,2018,"T2"
"359",-87.81423,42.1422666667,2018-04-28,2018,"T2"
"360",-71.3967108262,42.3968830845,2018-04-27,2018,"T2"
"361",-80.586205,35.3113583333,2018-04-27,2018,"T2"
"362",-71.1872791546,42.3129033565,2018-04-25,2018,"T2"
"363",-89.8777751667,43.8577036667,2018-04-21,2018,"T2"
"364",-89.3475324105,41.8605227463,2018-04-21,2018,"T2"
"365",-83.7155953423,42.2484117095,2018-04-20,2018,"T2"
"366",-83.7155747536,42.2479433268,2018-04-20,2018,"T2"
"367",-87.7113395064,42.0590004105,2018-04-17,2018,"T2"
"368",-76.484743,44.982636,2017-12-15,2017,"T2"
"369",-76.484205,44.982913,2017-12-15,2017,"T2"
"370",-84.10709,42.184382,2018-04-12,2018,"T2"
"371",-78.2855415362,44.346644787,2018-04-05,2018,"T2"
"372",-87.83155,42.1454583333,2018-03-27,2018,"T2"
"373",-74.649906,45.297591,2017-10-21,2017,"T2"
"374",-77.3678333333,38.9781666667,2018-03-22,2018,"T2"
"375",-74.647427,45.301393,2017-10-14,2017,"T2"
"376",-76.5491938591,44.5039586875,2017-05-21,2017,"T2"
"377",-74.677646,45.265845,2017-10-08,2017,"T2"
"378",-74.67567,45.265603,2017-10-08,2017,"T2"
"379",-82.6330777778,41.7552694444,2016-05-08,2016,"T2"
"380",-74.678016,45.263524,2017-10-08,2017,"T2"
"381",-74.681521,45.266563,2017-10-08,2017,"T2"
"382",-74.688552,45.270299,2017-10-01,2017,"T2"
"383",-74.697083,45.274638,2017-10-01,2017,"T2"
"384",-74.695948,45.275471,2017-10-01,2017,"T2"
"385",-80.0843328,43.3334074,2017-09-05,2017,"T2"
"386",-74.68774,45.267936,2017-10-01,2017,"T2"
"387",-75.519813733,45.2808847435,2017-09-24,2017,"T2"
"388",-76.2486734,45.2679731,2018-03-04,2018,"T2"
"389",-76.21153,45.072612,2017-09-17,2017,"T2"
"390",-76.215148,45.074645,2017-09-17,2017,"T2"
"391",-85.3560511627,42.7764483153,2018-03-03,2018,"T2"
"392",-76.220467,45.071568,2017-09-17,2017,"T2"
"393",-76.220467,45.071568,2017-09-17,2017,"T2"
"394",-84.111071,42.186061,2018-02-27,2018,"T2"
"395",-76.213693,45.072475,2017-09-17,2017,"T2"
"396",-76.210703,45.072314,2017-09-17,2017,"T2"
"397",-75.0524014,45.1986383,2018-02-18,2018,"T2"
"398",-78.0940728935,44.5547608037,2011-06-28,2011,"T2"
"399",-83.753457,42.305474,2018-02-06,2018,"T2"
"400",-76.421951,44.689476,2003-07-19,2003,"T2"
"401",-89.4945697178,40.6814588652,2018-01-28,2018,"T2"
"402",-81.724871,42.473813,2006-05-06,2006,"T2"
"403",-75.350468,45.258123,2017-09-17,2017,"T2"
"404",-77.1233582497,44.0000386829,2017-08-06,2017,"T2"
"405",-93.4312024817,44.944414016,2015-10-17,2015,"T2"
"406",-87.78114724,42.00312676,2018-01-14,2018,"T2"
"407",-75.2266415011,45.2072487999,2014-07-16,2014,"T2"
"408",-83.078892,42.262709,2013-06-14,2013,"T2"
"409",-80.3534083333,43.3835833333,2014-08-19,2014,"T2"
"410",-93.435202,44.944713,2015-10-17,2015,"T2"
"411",-93.4402576208,44.9458719977,2010-10-11,2010,"T2"
"412",-81.1656723022,43.0618286133,2017-12-23,2017,"T2"
"413",-89.4340498477,40.6338438945,2017-11-11,2017,"T2"
"414",-76.56538,44.45066,2011-09-20,2011,"T2"
"415",-82.6778264624,41.756908726,2017-11-28,2017,"T2"
"416",-88.480055,40.7675283333,2017-11-21,2017,"T2"
"417",-77.2153902054,43.8932536415,2017-10-23,2017,"T2"
"418",-79.05248344,43.13615235,2017-11-04,2017,"T2"
"419",-83.0792694444,42.2654222222,2017-05-26,2017,"T2"
"420",-76.0723,44.3583,2017-06-16,2017,"T2"
"421",-87.9913783333,42.88428,2017-10-23,2017,"T2"
"422",-73.224314,44.385642,2017-10-24,2017,"T2"
"423",-76.125579,45.435876,2017-07-23,2017,"T2"
"424",-75.7172388889,44.9436305556,2017-10-20,2017,"T2"
"425",-89.9692134732,43.9507760032,2017-10-21,2017,"T2"
"426",-75.0164489746,44.9730796814,2017-10-19,2017,"T2"
"427",-75.0190887451,44.9718971252,2017-10-19,2017,"T2"
"428",-77.12908661,44.0037518,2008-05-02,2008,"T2"
"429",-76.043406,45.424497,2017-07-23,2017,"T2"
"430",-76.044657,45.422449,2017-07-23,2017,"T2"
"431",-89.3257105387,41.198237816,2017-08-11,2017,"T2"
"432",-83.796136,40.057807,2017-09-30,2017,"T2"
"433",-80.349047184,43.3844037355,2017-09-17,2017,"T2"
"434",-87.830355,41.838663,2017-10-07,2017,"T2"
"435",-80.35369275,43.38176463,2017-10-07,2017,"T2"
"436",-82.5333944523,42.1589138965,2017-10-04,2017,"T2"
"437",-74.6367158,45.3111798,2017-10-01,2017,"T2"
"438",-93.3518816718,45.1758031268,2017-09-29,2017,"T2"
"439",-93.3516577073,45.1757250494,2017-09-29,2017,"T2"
"440",-93.3510742431,45.1757419389,2017-09-29,2017,"T2"
"441",-80.0615948439,43.394067727,2017-09-26,2017,"T2"
"442",-93.6190806666,45.004097979,2017-09-23,2017,"T2"
"443",-79.9964761734,43.5237126735,2017-09-24,2017,"T2"
"444",-93.3643941194,44.8991883421,2017-09-18,2017,"T2"
"445",-76.325781,45.435983,2017-05-28,2017,"T2"
"446",-89.32884092,41.84568504,2017-09-13,2017,"T2"
"447",-87.8778377362,42.0630813763,2017-09-10,2017,"T2"
"448",-78.2369905286,44.2613742518,2017-09-07,2017,"T2"
"449",-92.914033175,44.9050526674,2017-09-06,2017,"T2"
"450",-73.194725,44.0500805,2017-09-03,2017,"T2"
"451",-80.2083492367,43.5520141032,2000-05-22,2000,"T2"
"452",-76.7565994263,44.3758201599,2017-09-02,2017,"T2"
"453",-76.361901,45.441122,2017-05-28,2017,"T2"
"454",-75.8600383333,45.35857,2017-09-01,2017,"T2"
"455",-90.82775,43.1818866667,2017-08-04,2017,"T2"
"456",-84.473641,42.715111,2017-08-18,2017,"T2"
"457",-77.301599085,44.478200774,2017-08-27,2017,"T2"
"458",-75.863383,45.336252,2017-05-20,2017,"T2"
"459",-76.255095005,44.7678821932,2017-08-24,2017,"T2"
"460",-88.4902281315,42.8643601388,2017-08-25,2017,"T2"
"461",-93.2426681519,44.2752380371,2017-08-05,2017,"T2"
"462",-76.1046123505,44.5384276262,2017-08-23,2017,"T2"
"463",-87.7813528,42.00310133,2017-08-21,2017,"T2"
"464",-75.892349,45.373248,2017-08-20,2017,"T2"
"465",-93.7900317461,41.6113980487,2017-08-20,2017,"T2"
"466",-75.861435989,45.3606184759,2017-08-19,2017,"T2"
"467",-75.8647879964,45.3612438191,2017-08-18,2017,"T2"
"468",-73.4072542191,44.0338864572,2017-08-16,2017,"T2"
"469",-76.0925174319,42.9947860726,2017-08-15,2017,"T2"
"470",-75.8469783333,43.0613278333,2017-08-15,2017,"T2"
"471",-87.79087,42.0101083333,2017-08-13,2017,"T2"
"472",-82.4117222222,42.7682305556,2017-08-12,2017,"T2"
"473",-82.416204298,42.7671552496,2017-08-12,2017,"T2"
"474",-88.298785966,44.1528214328,2017-08-12,2017,"T2"
"475",-76.0703,44.3571,2017-06-17,2017,"T2"
"476",-79.8710633333,43.334305,2017-08-08,2017,"T2"
"477",-73.3475209214,44.6639700048,2017-08-07,2017,"T2"
"478",-78.36341,44.2218016667,2017-08-05,2017,"T2"
"479",-93.2484436035,44.2764015198,2017-08-01,2017,"T2"
"480",-78.10132863,44.50378435,2017-08-02,2017,"T2"
"481",-76.8643033333,44.367245,2017-08-01,2017,"T2"
"482",-79.93493557,43.292231988,2017-07-21,2017,"T2"
"483",-87.5218108,41.6875046,2017-07-18,2017,"T2"
"484",-88.5837120696,44.6360515246,2017-06-16,2017,"T2"
"485",-88.5837120696,44.6360515246,2017-06-16,2017,"T2"
"486",-75.1694791667,45.0292708333,2017-07-13,2017,"T2"
"487",-80.3526904621,43.3847650141,2017-07-16,2017,"T2"
"488",-80.35276379,43.38474261,2017-07-16,2017,"T2"
"489",-80.3525863589,43.3847716777,2017-07-16,2017,"T2"
"490",-84.1102766986,42.1850148244,2017-05-07,2017,"T2"
"491",-84.0894412994,42.3183837076,2017-05-07,2017,"T2"
"492",-89.1534500122,44.5553359985,2017-05-23,2017,"T2"
"493",-76.251718401,44.7697977284,2017-07-09,2017,"T2"
"494",-89.3557478091,43.4576028688,2017-06-16,2017,"T2"
"495",-92.7033787687,45.0115811499,2017-07-06,2017,"T2"
"496",-77.2262477875,44.4840146145,2017-07-01,2017,"T2"
"497",-76.254837513,44.7661052224,2017-07-01,2017,"T2"
"498",-89.32710632,42.89170355,2017-06-21,2017,"T2"
"499",-78.04598,44.2848666667,2017-07-01,2017,"T2"
"500",-89.717984,43.414566,2017-06-27,2017,"T2"
"501",-90.29800956,42.22296648,2017-06-24,2017,"T2"
"502",-77.1634304523,44.3876652289,2017-06-22,2017,"T2"
"503",-83.0785739,42.2656784,2017-06-21,2017,"T2"
"504",-83.7940922778,40.0574479162,2017-06-17,2017,"T2"
"505",-88.160199,43.64139,2017-06-11,2017,"T2"
"506",-87.8494519925,43.9152556266,2017-06-04,2017,"T2"
"507",-88.3910447359,43.0357329211,2017-06-01,2017,"T2"
"508",-88.1208209787,44.5700998139,2017-06-06,2017,"T2"
"509",-90.0059241634,43.9366215396,2017-06-05,2017,"T2"
"510",-88.018434,43.868357,2017-06-04,2017,"T2"
"511",-88.597754,42.822622,2017-06-03,2017,"T2"
"512",-91.6290843208,44.0938178637,2017-06-02,2017,"T2"
"513",-77.4399984785,44.5983191531,2017-06-02,2017,"T2"
"514",-77.5702768315,44.4322822151,2017-06-02,2017,"T2"
"515",-93.2040166667,44.9364666667,2017-06-01,2017,"T2"
"516",-73.22806304,44.38637265,2017-06-01,2017,"T2"
"517",-88.6289507169,42.8457513959,2017-05-21,2017,"T2"
"518",-75.3778839111,45.2671547633,2017-05-29,2017,"T2"
"519",-75.3807163239,45.2687253448,2017-05-29,2017,"T2"
"520",-75.3779697418,45.2678192454,2017-05-29,2017,"T2"
"521",-89.9013833333,43.91917,2017-05-29,2017,"T2"
"522",-91.53381,45.57481,2017-05-28,2017,"T2"
"523",-87.5280976,41.6846592,2017-05-13,2017,"T2"
"524",-75.3753948212,45.2665959883,2017-05-24,2017,"T2"
"525",-93.6806253624,44.8797719088,2017-05-23,2017,"T2"
"526",-75.224348,45.210482,2017-05-07,2017,"T2"
"527",-88.62774,42.844793,2017-05-21,2017,"T2"
"528",-75.224886,45.209899,2017-05-07,2017,"T2"
"529",-82.4029830556,42.6701730556,2017-05-22,2017,"T2"
"530",-89.8830333333,43.8685033333,2017-05-19,2017,"T2"
"531",-92.6532948017,45.394958095,2017-05-19,2017,"T2"
"532",-73.2820200362,44.627895006,2017-05-18,2017,"T2"
"533",-73.3192323335,44.7745003598,2017-05-18,2017,"T2"
"534",-89.0278028333,41.2957333333,2017-03-03,2017,"T2"
"535",-92.62619,45.42129,2017-05-14,2017,"T2"
"536",-76.5039181709,44.2925239579,2017-05-13,2017,"T2"
"537",-74.641584,45.174916,2017-04-30,2017,"T2"
"538",-87.5265966667,41.68652,2017-05-13,2017,"T2"
"539",-75.4526827565,45.2285798357,2017-04-23,2017,"T2"
"540",-75.4340288988,45.2091235403,2017-04-23,2017,"T2"
"541",-75.4823091941,45.2727458448,2017-04-23,2017,"T2"
"542",-89.6725533333,43.0793916667,2017-05-06,2017,"T2"
"543",-89.5828552246,43.5428657532,2017-05-07,2017,"T2"
"544",-92.45807,45.37842,2017-05-07,2017,"T2"
"545",-89.005522,43.172778,2017-05-07,2017,"T2"
"546",-92.8047482754,44.5450304397,2017-05-06,2017,"T2"
"547",-88.2319283333,42.8852633333,2017-05-04,2017,"T2"
"548",-73.129131,44.310445,2017-05-05,2017,"T2"
"549",-93.18155,44.468887,2017-05-02,2017,"T2"
"550",-90.0917755,38.4614404,2017-04-25,2017,"T2"
"551",-73.8861111111,42.9377777778,2017-04-29,2017,"T2"
"552",-92.8201784939,44.7161784908,2017-04-29,2017,"T2"
"553",-92.44611,45.37233,2017-04-25,2017,"T2"
"554",-83.831493,39.794109,2017-04-22,2017,"T2"
"555",-88.78067,43.0849,2017-04-23,2017,"T2"
"556",-88.3086687326,41.8342144352,2017-04-22,2017,"T2"
"557",-92.87916787,45.6115553,2017-04-22,2017,"T2"
"558",-89.4254092179,43.041694806,2017-04-06,2017,"T2"
"559",-88.1383964886,44.5247704816,2017-04-19,2017,"T2"
"560",-92.8085033566,44.5483335823,2017-04-17,2017,"T2"
"561",-87.82766749,41.89731522,2017-04-18,2017,"T2"
"562",-92.7320166667,45.3022583333,2017-04-17,2017,"T2"
"563",-84.1797083333,39.7120466667,2017-04-13,2017,"T2"
"564",-84.1808466667,39.7129533333,2017-04-13,2017,"T2"
"565",-93.186335,44.468351,2017-04-04,2017,"T2"
"566",-88.24285915,42.12170294,2017-03-27,2017,"T2"
"567",-80.1779783333,42.0509195,2017-03-11,2017,"T2"
"568",-87.830361,41.838455,2017-03-11,2017,"T2"
"569",-75.226456,45.208063,2016-10-23,2016,"T2"
"570",-73.8809967043,42.9391676908,2017-02-20,2017,"T2"
"571",-87.78103039,42.00327806,2017-02-12,2017,"T2"
"572",-76.1760449409,44.7135009591,2015-09-16,2015,"T2"
"573",-87.82792098,41.83733327,2017-01-29,2017,"T2"
"574",-84.4958638889,45.348325,2016-08-31,2016,"T2"
"575",-84.4958638889,45.348325,2016-08-31,2016,"T2"
"576",-79.929579,43.289902,2016-06-28,2016,"T2"
"577",-76.221877,45.203753,2016-06-18,2016,"T2"
"578",-75.79158,45.370701,2016-06-12,2016,"T2"
"579",-75.789761,45.370637,2016-06-12,2016,"T2"
"580",-75.796494,45.370504,2016-06-12,2016,"T2"
"581",-77.4311470985,44.1420895086,2008-08-19,2008,"T2"
"582",-87.744093,41.979327,2016-11-06,2016,"T2"
"583",-75.2414176,45.1982357,2016-10-23,2016,"T2"
"584",-84.2307086819,40.0554291205,2016-10-02,2016,"T2"
"585",-83.610903,43.037772,2016-09-23,2016,"T2"
"586",-87.738468647,41.978188145,2016-09-14,2016,"T2"
"587",-82.9921219698,39.9222625985,2016-09-02,2016,"T2"
"588",-83.45713,38.7641333333,2016-08-16,2016,"T2"
"589",-88.1737,43.1610380556,2016-08-06,2016,"T2"
"590",-73.3426179272,44.6652912861,2016-08-11,2016,"T2"
"591",-93.220789712,44.9310885184,2016-08-07,2016,"T2"
"592",-81.3234186172,42.6745794415,2016-05-20,2016,"T2"
"593",-76.0905904324,42.9966349528,2016-07-14,2016,"T2"
"594",-91.1289528333,39.6717533333,2016-07-10,2016,"T2"
"595",-83.396095,39.123026,2016-06-09,2016,"T2"
"596",-89.8190694444,43.1357527778,2016-06-13,2016,"T2"
"597",-91.5025267192,44.7955408646,2016-06-15,2016,"T2"
"598",-89.819175,43.1380972222,2016-06-13,2016,"T2"
"599",-75.789725,45.372866,2016-06-12,2016,"T2"
"600",-89.470852,41.98916,2016-05-21,2016,"T2"
"601",-75.4001616667,44.767005,2016-05-27,2016,"T2"
"602",-87.785853,42.150416,2016-05-03,2016,"T2"
"603",-87.63973,41.949167,2016-05-24,2016,"T2"
"604",-92.6544937492,45.3950646194,2016-05-20,2016,"T2"
"605",-73.4007402231,43.5766222096,2016-05-13,2016,"T2"
"606",-73.360605,44.067662,2016-04-29,2016,"T2"
"607",-76.0969065203,42.9987436787,2016-04-21,2016,"T2"
"608",-73.1382036769,42.0274932404,2016-04-25,2016,"T2"
"609",-75.736575,44.610358,2016-04-14,2016,"T2"
"610",-73.274047,44.054785,2015-08-24,2015,"T2"
"611",-86.304755,35.845855,2016-03-15,2016,"T2"
"612",-75.951377,45.343018,2014-06-28,2014,"T2"
"613",-75.489445,45.12871,2016-03-05,2016,"T2"
"614",-74.64156,45.17494,2013-10-10,2013,"T2"
"615",-82.39919,42.670811,2013-05-11,2013,"T2"
"616",-76.688203,44.465415,2013-08-10,2013,"T2"
"617",-88.96767351,42.42137323,2016-02-09,2016,"T2"
"618",-87.77707054,41.99822321,2016-02-06,2016,"T2"
"619",-93.191742,44.464362,2016-02-01,2016,"T2"
"620",-88.9673524,42.42426664,2016-01-29,2016,"T2"
"621",-73.33696,44.664934,2015-10-11,2015,"T2"
"622",-73.337928,44.66374,2015-10-11,2015,"T2"
"623",-73.402652,43.573448,2015-08-28,2015,"T2"
"624",-89.625371,39.871211,2015-09-16,2015,"T2"
"625",-73.18602,44.026423,2015-09-12,2015,"T2"
"626",-89.82708773,41.45468907,2015-09-04,2015,"T2"
"627",-73.315945,44.632263,2015-08-21,2015,"T2"
"628",-73.342,44.66707,2015-08-14,2015,"T2"
"629",-73.345341,44.664544,2015-08-14,2015,"T2"
"630",-73.347589,44.665066,2015-08-13,2015,"T2"
"631",-80.804677,37.354685,2015-07-31,2015,"T2"
"632",-93.33959923,44.70961644,2015-07-21,2015,"T2"
"633",-83.796908,40.058759,2015-07-13,2015,"T2"
"634",-71.182889,42.245075,2015-05-14,2015,"T2"
"635",-82.877522,40.062001,2014-12-13,2014,"T2"
"636",-76.4866416667,42.442755,2014-11-16,2014,"T2"
"637",-76.094076,42.997172,2014-09-28,2014,"T2"
"638",-73.781712,45.357679,2012-07-19,2012,"T2"
"639",-73.952084,45.428877,2013-07-31,2013,"T2"
"640",-76.410202,44.52499,2011-08-28,2011,"T2"
"641",-76.410202,44.52499,2011-08-28,2011,"T2"
"642",-76.410202,44.52499,2011-08-28,2011,"T2"
"643",-75.797058,45.373348,2011-08-28,2011,"T2"
"644",-77.153742,43.842142,2011-08-10,2011,"T2"
"645",-73.284035,44.224045,2014-09-04,2014,"T2"
"646",-73.311993,43.644455,2014-08-18,2014,"T2"
"647",-83.949645,40.177844,2014-08-11,2014,"T2"
"648",-73.3475360089,44.6650733985,2014-08-06,2014,"T2"
"649",-89.99702329,40.36423411,2014-07-17,2014,"T2"
"650",-73.238799,44.409433,2014-06-16,2014,"T2"
"651",-73.415833,43.586098,2014-06-06,2014,"T2"
"652",-83.206766,41.609553,2014-05-17,2014,"T2"
"653",-88.2824124259,41.9054020762,2014-05-17,2014,"T2"
"654",-73.262715,44.271685,2014-03-03,2014,"T2"
"655",-87.999029,43.291451,2013-11-14,2013,"T2"
"656",-81.567859,41.135118,2013-11-09,2013,"T2"
"657",-88.493843,42.876467,2013-10-16,2013,"T2"
"658",-91.995134,43.764517,2013-09-21,2013,"T2"
"659",-87.777685,42.000529,2013-09-14,2013,"T2"
"660",-87.78117,42.00315,2013-09-14,2013,"T2"
"661",-89.861644,43.3270091,2013-08-22,2013,"T2"
"662",-83.796908,40.058759,2013-08-09,2013,"T2"
"663",-73.186181,44.023743,2013-08-07,2013,"T2"
"664",-91.38475741,43.93841539,2013-07-01,2013,"T2"
"665",-73.179252,44.019134,2013-07-02,2013,"T2"
"666",-89.90368458,43.34382626,2013-06-29,2013,"T2"
"667",-73.668798,43.321173,2013-06-24,2013,"T2"
"668",-73.412,43.586,2013-06-16,2013,"T2"
"669",-84.780086,43.078211,2013-04-29,2013,"T2"
"670",-73.1933778464,44.0349732708,2012-05-20,2012,"T2"
"671",-73.2573318481,44.2729682922,2012-03-07,2012,"T2"
"672",-73.1943206787,44.0199966431,2011-09-06,2011,"T2"
"673",-88.107170105,30.257976532,2019-04-06,2019,"T2"
"674",-82.304,29.6080283333,2019-04-04,2019,"T2"
"675",-75.7620037348,36.2056361977,2019-03-30,2019,"T2"
"676",-81.7541526065,26.2142159547,2019-03-04,2019,"T2"
"677",-89.9531333333,29.2654883333,2019-03-17,2019,"T2"
"678",-82.8089035024,27.8846188355,2019-03-27,2019,"T2"
"679",-89.2569345283,31.5060854173,2019-03-15,2019,"T2"
"680",-82.1162435599,26.4444585471,2019-03-25,2019,"T2"
"681",-91.756943074,31.8138875731,2019-03-23,2019,"T2"
"682",-82.8292823,28.0636131,2019-01-19,2019,"T2"
"683",-82.6642733188,29.9972359328,2019-03-24,2019,"T2"
"684",-76.1320354787,36.8016220925,2019-03-17,2019,"T2"
"685",-90.0576945754,30.3478931681,2019-03-16,2019,"T2"
"686",-82.4397149497,28.7086366117,2019-03-16,2019,"T2"
"687",-81.99205,29.691095,2019-03-13,2019,"T2"
"688",-81.760572,28.037388,2019-03-12,2019,"T2"
"689",-76.0501934309,36.9205182419,2019-03-12,2019,"T2"
"690",-93.9196593,29.7090765,2019-02-15,2019,"T2"
"691",-80.504663922,27.8138935101,2019-03-01,2019,"T2"
"692",-89.9633718,30.0310882,2019-02-26,2019,"T2"
"693",-82.8302944444,28.069475,2019-02-23,2019,"T2"
"694",-80.8022001389,28.5344677778,2019-02-16,2019,"T2"
"695",-91.7562255859,31.8268985748,2019-02-12,2019,"T2"
"696",-80.0808761549,26.949612801,2019-02-09,2019,"T2"
"697",-79.822229875,33.8693334632,2019-01-23,2019,"T2"
"698",-86.6500031565,32.2462560688,2014-08-13,2014,"T2"
"699",-82.6656033333,27.52197,2019-01-13,2019,"T2"
"700",-82.6683666667,27.4331283333,2019-01-11,2019,"T2"
"701",-82.3473374919,26.9034790993,2019-01-08,2019,"T2"
"702",-79.5770624294,32.9272569974,2017-12-11,2017,"T2"
"703",-82.5482783333,27.6545666667,2018-02-24,2018,"T2"
"704",-82.664025,27.5224583333,2017-10-31,2017,"T2"
"705",-82.661475,27.5148966667,2018-07-06,2018,"T2"
"706",-80.7623709,28.38539199,2018-12-15,2018,"T2"
"707",-80.8024586,28.5332359,2016-07-09,2016,"T2"
"708",-90.9107758974,33.7129259809,2017-06-29,2017,"T2"
"709",-80.6092824506,28.3358980679,2018-04-07,2018,"T2"
"710",-93.9760133333,29.93055,2018-10-10,2018,"T2"
"711",-80.08078171,26.94959722,2018-12-08,2018,"T2"
"712",-80.0806274414,26.9498806,2018-12-08,2018,"T2"
"713",-80.05582229,26.88341066,2018-12-03,2018,"T2"
"714",-79.9346418673,40.4080304124,2018-11-28,2018,"T2"
"715",-93.8799590897,32.6455132244,2018-11-24,2018,"T2"
"716",-82.5969161987,29.6101894379,2018-11-24,2018,"T2"
"717",-86.7642216667,33.1853333333,2018-11-18,2018,"T2"
"718",-81.2794123,29.8531411,2018-11-03,2018,"T2"
"719",-82.83116957,28.07247346,2018-10-29,2018,"T2"
"720",-88.1899871864,32.6025797753,2018-10-28,2018,"T2"
"721",-84.1820913292,30.0767247827,2018-10-27,2018,"T2"
"722",-76.8736655452,39.3141081138,2018-10-24,2018,"T2"
"723",-76.0492491398,36.9208535993,2018-03-18,2018,"T2"
"724",-93.8718547864,33.701501818,2018-10-18,2018,"T2"
"725",-76.0520695,36.9195216667,2018-10-14,2018,"T2"
"726",-92.0688208862,32.0960378516,2018-10-06,2018,"T2"
"727",-81.2719963308,29.866511234,2018-10-05,2018,"T2"
"728",-81.4307333333,31.0149027833,2018-09-28,2018,"T2"
"729",-84.1813429396,30.0758233374,2015-03-01,2015,"T2"
"730",-80.6081089,28.0836269,2018-09-15,2018,"T2"
"731",-79.98640312,40.58444692,2018-09-13,2018,"T2"
"732",-76.0082399101,37.3289460037,2018-09-09,2018,"T2"
"733",-78.5104217529,33.8658409119,2018-09-07,2018,"T2"
"734",-89.9545288086,29.2643756866,2018-08-05,2018,"T2"
"735",-91.4179630816,31.3613893828,2018-08-30,2018,"T2"
"736",-93.9470361111,29.6985388889,2017-03-30,2017,"T2"
"737",-76.0531833333,36.9188916667,2018-08-26,2018,"T2"
"738",-80.6613526386,28.1936470661,2018-08-25,2018,"T2"
"739",-88.73783,33.5088383333,2017-06-12,2017,"T2"
"740",-81.1616833333,39.4439083333,2018-04-25,2018,"T2"
"741",-81.5555888889,28.7642166667,2018-08-13,2018,"T2"
"742",-88.1077028333,30.257055,2018-08-11,2018,"T2"
"743",-75.7035113743,35.2058382787,2018-08-05,2018,"T2"
"744",-86.6476974487,32.2284049988,2018-08-05,2018,"T2"
"745",-80.786542,28.769795,2018-08-02,2018,"T2"
"746",-93.0510351,30.9430604,2018-07-29,2018,"T2"
"747",-85.097371,29.638153,2018-07-30,2018,"T2"
"748",-80.422905,27.7839883333,2018-07-21,2018,"T2"
"749",-82.6213311,28.850007,2018-06-26,2018,"T2"
"750",-77.4937998628,34.4566383352,2018-06-22,2018,"T2"
"751",-77.6280216667,34.3683466667,2018-06-21,2018,"T2"
"752",-79.9143535083,32.6671202728,2018-06-19,2018,"T2"
"753",-77.4753716667,34.465845,2018-06-17,2018,"T2"
"754",-82.3497035341,26.9067069266,2018-06-16,2018,"T2"
"755",-75.7601394653,36.189907074,2018-06-13,2018,"T2"
"756",-93.0024416667,35.0784333333,2018-06-03,2018,"T2"
"757",-82.5851017572,28.9719821233,2018-06-03,2018,"T2"
"758",-75.3601168748,37.9399710438,2018-05-27,2018,"T2"
"759",-82.42667333,28.70007286,2018-05-27,2018,"T2"
"760",-81.4393615723,30.6311645508,2018-05-27,2018,"T2"
"761",-93.7844739042,31.128513014,2018-05-11,2018,"T2"
"762",-82.00245,29.7158666667,2018-05-15,2018,"T2"
"763",-91.7110320088,30.4030603404,2018-05-05,2018,"T2"
"764",-80.1604036522,25.9015015327,2018-04-30,2018,"T2"
"765",-78.7191122678,35.8100982104,2018-04-30,2018,"T2"
"766",-93.7885711951,32.7852156771,2018-04-27,2018,"T2"
"767",-91.0950695,30.35603,2018-04-28,2018,"T2"
"768",-80.9969693181,28.5699878802,2018-04-27,2018,"T2"
"769",-92.9585333333,30.21673,2018-04-27,2018,"T2"
"770",-82.39737,29.703825,2018-04-22,2018,"T2"
"771",-80.7564771,28.2308428,2018-04-22,2018,"T2"
"772",-93.60126,29.757224,2018-04-15,2018,"T2"
"773",-82.6092216667,29.5797216667,2018-04-16,2018,"T2"
"774",-88.0844769869,30.2449070756,2018-04-14,2018,"T2"
"775",-86.5373721944,34.7212581111,2018-04-10,2018,"T2"
"776",-93.9222639799,29.7077450646,2018-04-03,2018,"T2"
"777",-88.5815361111,30.3353777778,2018-04-08,2018,"T2"
"778",-82.2995423592,29.6737033025,2018-03-24,2018,"T2"
"779",-80.2491949489,36.0744611467,2018-04-06,2018,"T2"
"780",-75.7468716667,36.1566611667,2018-04-02,2018,"T2"
"781",-80.4581622128,27.874276531,2018-04-01,2018,"T2"
"782",-78.7924491295,40.0099134009,2018-03-31,2018,"T2"
"783",-82.5444070996,29.6839761548,2018-03-27,2018,"T2"
"784",-80.24067259,27.25994628,2018-03-24,2018,"T2"
"785",-82.3496350554,26.9065780565,2018-03-23,2018,"T2"
"786",-82.3321383333,28.655955,2017-07-27,2017,"T2"
"787",-81.4258309734,31.015621014,2018-03-21,2018,"T2"
"788",-82.8308638889,28.0757805556,2018-03-11,2018,"T2"
"789",-82.2807385773,28.6727255211,2018-03-10,2018,"T2"
"790",-82.2810219695,28.6732026609,2018-03-10,2018,"T2"
"791",-79.0503166667,33.516875,2018-02-10,2018,"T2"
"792",-82.2740739686,28.490593233,2018-03-07,2018,"T2"
"793",-80.36283,27.53718,2018-03-01,2018,"T2"
"794",-82.6059883333,29.682745,2018-03-01,2018,"T2"
"795",-82.0456252714,29.8384572706,2018-02-26,2018,"T2"
"796",-88.0778539181,30.2487783401,2017-04-15,2017,"T2"
"797",-78.9813477029,36.0206537637,2018-02-24,2018,"T2"
"798",-80.3632283333,27.538225,2018-01-23,2018,"T2"
"799",-80.9008138721,35.7873837557,2018-01-22,2018,"T2"
"800",-80.0562039391,26.8864548672,2018-01-21,2018,"T2"
"801",-86.8107616667,33.16752,2018-01-11,2018,"T2"
"802",-75.5288888889,35.2361111111,2017-08-22,2017,"T2"
"803",-84.1805867851,30.0782253099,2017-12-30,2017,"T2"
"804",-92.2235620022,32.6808764188,2017-11-02,2017,"T2"
"805",-93.6799755869,32.4489709154,2017-12-18,2017,"T2"
"806",-93.680025302,32.449058136,2017-12-18,2017,"T2"
"807",-81.0317471667,28.6433466667,2017-11-15,2017,"T2"
"808",-82.3399276733,29.5969829559,2017-11-14,2017,"T2"
"809",-76.679849,34.696368,2017-11-04,2017,"T2"
"810",-92.28766033,34.71155445,2017-11-04,2017,"T2"
"811",-81.271930933,29.8664749264,2017-10-28,2017,"T2"
"812",-75.7199690771,39.8167164484,2017-10-28,2017,"T2"
"813",-92.488655,34.847775,2017-10-22,2017,"T2"
"814",-81.542,28.1174,2017-10-07,2017,"T2"
"815",-76.6599709486,34.7104829889,2017-09-24,2017,"T2"
"816",-88.5808324814,30.3335834034,2014-09-07,2014,"T2"
"817",-92.3045416667,34.7848972222,2017-09-17,2017,"T2"
"818",-76.0525805,36.9183083333,2017-09-17,2017,"T2"
"819",-84.383445,40.1502028333,2017-09-11,2017,"T2"
"820",-77.998123,33.880214,2017-09-10,2017,"T2"
"821",-80.5896083333,28.1301638333,2017-09-03,2017,"T2"
"822",-93.2570495605,30.293674469,2017-08-12,2017,"T2"
"823",-81.7816,28.0455,2017-08-08,2017,"T2"
"824",-89.9524916667,29.2582333333,2017-07-19,2017,"T2"
"825",-79.132639831,33.4107530723,2017-07-04,2017,"T2"
"826",-93.688605,30.7732716667,2017-06-24,2017,"T2"
"827",-81.414571,31.06808,2017-04-27,2017,"T2"
"828",-81.416459,31.068521,2017-04-27,2017,"T2"
"829",-81.2146215495,29.4974600103,2017-06-01,2017,"T2"
"830",-80.1816558838,32.5654235811,2017-05-31,2017,"T2"
"831",-77.6453098659,34.3533017793,2017-05-29,2017,"T2"
"832",-89.9651197,30.0315415,2017-05-20,2017,"T2"
"833",-88.924536612,37.3731402587,2017-04-11,2017,"T2"
"834",-80.345841944,32.4953567611,2017-04-20,2017,"T2"
"835",-92.2900916667,30.80375,2017-04-23,2017,"T2"
"836",-80.1914204658,25.9716687491,2017-04-18,2017,"T2"
"837",-92.284739166,30.7573903584,2017-04-02,2017,"T2"
"838",-92.2900916667,30.8036033333,2017-04-02,2017,"T2"
"839",-91.5112209,30.9412056,2017-02-18,2017,"T2"
"840",-91.5174619845,30.9231955564,2017-02-18,2017,"T2"
"841",-80.7751788566,28.6555273654,2017-01-14,2017,"T2"
"842",-79.702255,32.85782,2017-01-28,2017,"T2"
"843",-82.284456,29.5743493,2017-01-15,2017,"T2"
"844",-92.0704874722,29.9027903333,2016-11-01,2016,"T2"
"845",-79.5876646042,32.9043437975,2016-07-23,2016,"T2"
"846",-78.7646924705,35.7475668239,2016-11-12,2016,"T2"
"847",-78.9335033333,36.000469445,2016-09-18,2016,"T2"
"848",-79.1325959098,33.4106876515,2016-08-15,2016,"T2"
"849",-81.053352,28.620165,2015-03-21,2015,"T2"
"850",-77.01388154,38.88800969,2016-06-09,2016,"T2"
"851",-91.5240647117,30.977172076,2016-05-22,2016,"T2"
"852",-91.1761350744,30.4061293323,2016-05-08,2016,"T2"
"853",-80.1825288828,32.5667182313,2016-04-23,2016,"T2"
"854",-92.207308,29.680451,2016-03-30,2016,"T2"
"855",-81.424748785,31.0163501855,2016-03-23,2016,"T2"
"856",-90.833877,29.348869,2015-11-22,2015,"T2"
"857",-80.18198,32.566965,2015-11-17,2015,"T2"
"858",-92.8419333333,34.6344533333,2015-11-05,2015,"T2"
"859",-92.34237702,34.79271441,2015-08-30,2015,"T2"
"860",-80.182544,32.566745,2015-08-12,2015,"T2"
"861",-80.180214,32.567391,2015-07-13,2015,"T2"
"862",-80.802473,28.533236,2015-05-24,2015,"T2"
"863",-80.802473,28.533236,2015-05-23,2015,"T2"
"864",-88.828186,30.405545,2015-03-01,2015,"T2"
"865",-92.057063,30.616307,2014-06-09,2014,"T2"
"866",-93.67577465,32.4396937,2014-11-28,2014,"T2"
"867",-75.74488783,36.14464018,2014-12-24,2014,"T2"
"868",-93.61056,30.744997,2014-10-20,2014,"T2"
"869",-81.258659,29.771977,2009-08-28,2009,"T2"
"870",-91.878477,32.701405,2014-04-12,2014,"T2"
"871",-82.0654105023,29.607384461,2014-04-03,2014,"T2"
"872",-78.717449,35.811305,2014-03-01,2014,"T2"
"873",-79.03416,35.899198,2014-03-08,2014,"T2"
"874",-92.384058,34.802947,2014-01-26,2014,"T2"
"875",-92.38583,34.803675,2014-01-26,2014,"T2"
"876",-92.388458,34.805902,2014-01-26,2014,"T2"
"877",-92.395525,34.814158,2014-01-26,2014,"T2"
"878",-92.392254,34.813317,2014-01-26,2014,"T2"
"879",-93.914925,32.837639,2013-11-23,2013,"T2"
"880",-91.755106,31.861932,2013-05-28,2013,"T2"
"881",-82.2213141,28.3930492,2012-03-20,2012,"T2"
"882",-82.7584359795,29.9807313086,2019-04-04,2019,"T2"
"883",-81.4858033333,27.799305,2019-03-29,2019,"T2"
"884",-87.3178782468,40.2359506383,2019-03-23,2019,"T2"
"885",-82.5197767223,41.8534655058,2019-03-19,2019,"T2"
"886",-87.5146866667,31.5479366667,2019-03-10,2019,"T2"
"887",-82.5651212064,41.8090143615,2010-06-05,2010,"T2"
"888",-82.6280896652,41.9835888142,2018-07-28,2018,"T2"
"889",-82.556137307,41.9455318404,2019-02-26,2019,"T2"
"890",-82.598276375,41.9282814343,2009-07-30,2009,"T2"
"891",-82.4447023919,41.8758228198,2018-07-29,2018,"T2"
"892",-84.006675,39.769975,2019-02-03,2019,"T2"
"893",-81.9131450674,43.2127715358,2019-02-03,2019,"T2"
"894",-87.6413585529,42.6711018356,2018-11-23,2018,"T2"
"895",-87.634273,41.963294,2019-01-27,2019,"T2"
"896",-79.196608872,42.9332863966,2017-11-11,2017,"T2"
"897",-79.9182781966,43.2704555012,2016-11-04,2016,"T2"
"898",-87.6048941424,41.4013595166,2018-07-02,2018,"T2"
"899",-85.6048567873,43.0791052524,2019-01-13,2019,"T2"
"900",-81.1885061126,35.8992828257,2012-04-26,2012,"T2"
"901",-88.0592631921,41.2298262435,2019-01-04,2019,"T2"
"902",-87.9240253802,41.6902152633,2019-01-04,2019,"T2"
"903",-84.6133909499,39.3181194194,2018-12-19,2018,"T2"
"904",-88.40345772,41.35096913,2018-12-25,2018,"T2"
"905",-82.57204792,41.9753831086,2018-12-17,2018,"T2"
"906",-73.8390220852,40.9677451686,2018-12-10,2018,"T2"
"907",-87.830977,41.841113,2018-12-08,2018,"T2"
"908",-89.3171157778,41.196949,2018-10-03,2018,"T2"
"909",-87.8008155826,43.0891036572,2018-11-23,2018,"T2"
"910",-92.5195,34.845355,2018-11-27,2018,"T2"
"911",-82.6088038829,41.0238458436,2018-09-06,2018,"T2"
"912",-79.289751526,42.4077436895,2018-06-23,2018,"T2"
"913",-84.9503009953,38.205495051,2007-05-18,2007,"T2"
"914",-88.2225112778,41.3598632778,2018-09-05,2018,"T2"
"915",-89.570384,41.819905,2018-11-21,2018,"T2"
"916",-88.7984466389,41.3643646111,2018-09-03,2018,"T2"
"917",-88.7998580833,41.3642654167,2018-09-03,2018,"T2"
"918",-88.8001403611,41.3666496111,2018-09-03,2018,"T2"
"919",-79.1737873473,42.6827861158,2018-11-01,2018,"T2"
"920",-88.992616,42.347002,2018-07-23,2018,"T2"
"921",-79.3387300419,42.4495736921,2018-06-10,2018,"T2"
"922",-88.1830520556,41.3355026111,2018-08-29,2018,"T2"
"923",-88.1840896389,41.3335304167,2018-08-29,2018,"T2"
"924",-82.4427008998,41.9198234428,2003-08-23,2003,"T2"
"925",-83.2192163542,39.8819283662,2018-11-12,2018,"T2"
"926",-78.9602147557,39.7485446577,2018-11-06,2018,"T2"
"927",-86.8641283333,35.9435533333,2017-07-01,2017,"T2"
"928",-82.4913819511,41.889904521,2015-07-21,2015,"T2"
"929",-82.7626950789,41.7841196676,2015-07-20,2015,"T2"
"930",-89.1101150278,41.3347434722,2018-08-22,2018,"T2"
"931",-87.889182,41.827186,2018-10-27,2018,"T2"
"932",-92.5543060303,38.9700889587,2018-10-27,2018,"T2"
"933",-88.9195403889,41.3225936667,2018-08-15,2018,"T2"
"934",-81.91337,31.7221283333,2018-10-24,2018,"T2"
"935",-88.181376,41.800943,2018-10-24,2018,"T2"
"936",-88.2125718054,42.0315757301,2018-10-24,2018,"T2"
"937",-88.2125397866,42.0316688531,2018-10-24,2018,"T2"
"938",-88.5302111696,44.0605384411,2018-10-06,2018,"T2"
"939",-71.0673778877,42.3593143048,2018-10-23,2018,"T2"
"940",-87.7410912608,41.9804873178,2018-10-21,2018,"T2"
"941",-77.5915504099,39.3148414612,2013-05-17,2013,"T2"
"942",-82.4238944076,28.0574707009,2018-10-17,2018,"T2"
"943",-88.9956661995,41.3110255211,2018-08-10,2018,"T2"
"944",-89.3222797658,41.2112825762,2018-06-25,2018,"T2"
"945",-87.9825274678,41.6810157228,2018-10-14,2018,"T2"
"946",-92.6520769113,40.1786822314,2018-10-16,2018,"T2"
"947",-87.7367926018,40.208117148,2018-10-14,2018,"T2"
"948",-80.2828185231,43.0050834886,2018-10-11,2018,"T2"
"949",-89.017601,41.2812766944,2018-08-02,2018,"T2"
"950",-89.0194930833,41.2825889444,2018-08-01,2018,"T2"
"951",-89.0194701944,41.2825813056,2018-08-01,2018,"T2"
"952",-88.0851867873,43.0166618019,2018-10-09,2018,"T2"
"953",-73.6351412442,40.6574200471,2018-10-06,2018,"T2"
"954",-73.715438724,40.6343671734,2018-10-06,2018,"T2"
"955",-81.3578243336,42.8345879968,2018-10-03,2018,"T2"
"956",-89.0190429444,41.2792281944,2018-08-01,2018,"T2"
"957",-82.4678901448,41.8170803082,2018-09-27,2018,"T2"
"958",-82.7356093859,42.0415373454,2018-09-30,2018,"T2"
"959",-82.403498109,41.97457442,2018-09-26,2018,"T2"
"960",-87.2744189949,41.6164781107,2018-09-29,2018,"T2"
"961",-82.7159403378,42.0956388591,2018-09-28,2018,"T2"
"962",-78.6751678349,44.2983821089,2018-09-28,2018,"T2"
"963",-82.4442387359,41.8824974896,2018-09-27,2018,"T2"
"964",-90.428484,38.555897,2018-05-12,2018,"T2"
"965",-88.2766616192,44.2560331377,2018-09-26,2018,"T2"
"966",-79.9583510328,43.3567562329,2018-09-25,2018,"T2"
"967",-82.6790063068,41.7924955715,2018-09-22,2018,"T2"
"968",-88.0691176504,43.188603379,2018-09-24,2018,"T2"
"969",-89.542894066,43.1685216184,2018-09-08,2018,"T2"
"970",-80.1077305739,42.1857231781,2018-09-18,2018,"T2"
"971",-80.0143036625,42.1044292372,2018-09-18,2018,"T2"
"972",-82.2347455865,35.6221278278,2018-09-15,2018,"T2"
"973",-87.06296,41.659351,2015-08-07,2015,"T2"
"974",-87.7895783075,41.891190419,2018-09-13,2018,"T2"
"975",-88.2361919071,41.3860307922,2018-07-11,2018,"T2"
"976",-86.2589283333,39.9536633333,2018-09-10,2018,"T2"
"977",-83.0290875492,40.0618014532,2018-07-06,2018,"T2"
"978",-82.5034453483,41.8592222805,2018-09-08,2018,"T2"
"979",-87.1101178509,41.6475596745,2018-09-09,2018,"T2"
"980",-87.742135449,41.978290403,2018-09-08,2018,"T2"
"981",-71.09932088,42.40833852,2018-09-08,2018,"T2"
"982",-90.4230270386,38.5547981262,2018-09-06,2018,"T2"
"983",-86.6642456055,39.8739700317,2018-08-31,2018,"T2"
"984",-79.9857478754,43.2287943675,2018-07-19,2018,"T2"
"985",-90.988045,41.001775,2018-09-05,2018,"T2"
"986",-92.7866434214,44.9359982601,2018-09-05,2018,"T2"
"987",-89.9992082342,40.0778234645,2018-09-03,2018,"T2"
"988",-87.5262951555,41.6829294007,2018-09-03,2018,"T2"
"989",-82.2732466667,40.380845,2018-09-02,2018,"T2"
"990",-85.8964466667,35.0881033333,2018-09-01,2018,"T2"
"991",-92.7897552778,44.9381483333,2018-09-01,2018,"T2"
"992",-83.5532525911,41.0230251848,2018-09-01,2018,"T2"
"993",-85.3713884037,42.8716890288,2018-08-31,2018,"T2"
"994",-87.9339398,41.6912686,2018-08-27,2018,"T2"
"995",-87.5280976,41.6846592,2018-07-02,2018,"T2"
"996",-87.5707633333,41.65777,2018-08-29,2018,"T2"
"997",-71.1328430661,42.324567209,2018-08-29,2018,"T2"
"998",-79.4176514215,42.9940447475,2018-08-29,2018,"T2"
"999",-75.7600324907,45.2233782327,2017-10-10,2017,"T2"
"1000",-90.6952501676,38.550616702,2018-08-28,2018,"T2"
"1001",-85.6474990845,42.9112968445,2018-08-27,2018,"T2"
"1002",-88.1651630905,41.4860258997,2018-08-26,2018,"T2"
"1003",-89.2650997919,42.1093466739,2018-08-26,2018,"T2"
"1004",-93.6280283333,35.1766083333,2018-08-23,2018,"T2"
"1005",-88.3698308096,41.8397095241,2018-08-23,2018,"T2"
"1006",-86.5522722714,42.0027139457,2018-08-22,2018,"T2"
"1007",-81.1670119279,42.6094775977,2018-08-18,2018,"T2"
"1008",-87.5302433402,41.6811656358,2018-08-14,2018,"T2"
"1009",-89.5829606921,40.7614775892,2018-08-14,2018,"T2"
"1010",-88.2679366719,42.0651751603,2018-08-09,2018,"T2"
"1011",-90.1064559071,32.5135581185,2018-06-26,2018,"T2"
"1012",-77.45591881,37.52906715,2018-08-15,2018,"T2"
"1013",-88.1401014043,41.7055456641,2018-08-14,2018,"T2"
"1014",-90.6834226,38.0839513,2018-08-13,2018,"T2"
"1015",-92.5280539972,34.8466628976,2018-08-11,2018,"T2"
"1016",-93.3051376343,44.9513206482,2018-08-11,2018,"T2"
"1017",-84.9526977539,42.9959716797,2018-08-10,2018,"T2"
"1018",-83.1680445839,42.7995409118,2018-08-08,2018,"T2"
"1019",-88.0775561091,41.5792396618,2018-08-07,2018,"T2"
"1020",-87.9009248016,42.9578880598,2018-08-07,2018,"T2"
"1021",-89.31728,41.19669,2018-08-04,2018,"T2"
"1022",-84.3505992963,39.1074467225,2018-08-03,2018,"T2"
"1023",-82.2816739976,40.3768087363,2018-06-04,2018,"T2"
"1024",-78.4838280569,35.6291244635,2018-07-31,2018,"T2"
"1025",-88.2149116667,40.0865971667,2018-08-04,2018,"T2"
"1026",-87.578253,41.7832522,2018-07-31,2018,"T2"
"1027",-89.33414338,41.23975571,2018-08-03,2018,"T2"
"1028",-93.0510351,30.9430604,2018-07-29,2018,"T2"
"1029",-82.5318709997,41.9287876462,2018-07-22,2018,"T2"
"1030",-85.078105135,42.6089347992,2018-07-31,2018,"T2"
"1031",-89.0093383611,41.3180351111,2018-06-26,2018,"T2"
"1032",-81.8838558588,43.2493211869,2018-07-30,2018,"T2"
"1033",-84.1575659719,39.1678498965,2018-07-30,2018,"T2"
"1034",-82.5859405522,41.9548545714,2018-07-29,2018,"T2"
"1035",-84.0952791274,39.7516165115,2018-07-28,2018,"T2"
"1036",-83.839325,41.5541583333,2018-07-07,2018,"T2"
"1037",-89.0281524444,41.2952155833,2018-06-30,2018,"T2"
"1038",-85.540428074,36.652023284,2010-04-28,2010,"T2"
"1039",-86.2874225714,39.9070658628,2018-07-27,2018,"T2"
"1040",-82.4930124532,41.8773765834,2018-07-21,2018,"T2"
"1041",-86.1721558,32.2634149,2018-07-25,2018,"T2"
"1042",-87.831405,41.817422,2018-07-21,2018,"T2"
"1043",-82.5432950459,41.9936068537,2018-07-21,2018,"T2"
"1044",-79.7214961355,43.7313400652,2018-07-23,2018,"T2"
"1045",-85.5240166667,42.982875,2018-07-22,2018,"T2"
"1046",-82.5193702021,41.9801888639,2018-07-21,2018,"T2"
"1047",-80.0080402342,42.1507538345,2018-07-22,2018,"T2"
"1048",-82.5151931702,41.8924985135,2018-07-19,2018,"T2"
"1049",-82.4843260439,41.8192148878,2018-07-19,2018,"T2"
"1050",-82.5359818592,41.9517467864,2018-07-18,2018,"T2"
"1051",-82.5903444263,41.8685893597,2018-07-21,2018,"T2"
"1052",-82.5141243193,41.8238747292,2018-07-21,2018,"T2"
"1053",-82.581846015,41.8361924077,2018-07-21,2018,"T2"
"1054",-82.5018817326,41.8861190236,2018-07-21,2018,"T2"
"1055",-82.7538979885,41.6930702428,2018-07-18,2018,"T2"
"1056",-82.7711593227,41.7757908209,2018-07-18,2018,"T2"
"1057",-82.7889996538,41.6963086007,2018-07-18,2018,"T2"
"1058",-82.5272798265,41.8991870565,2018-07-17,2018,"T2"
"1059",-78.2124670626,44.2528816023,2018-07-20,2018,"T2"
"1060",-82.6983880358,41.7498723333,2018-07-18,2018,"T2"
"1061",-70.1449805,44.6687083333,2018-07-18,2018,"T2"
"1062",-86.691386,38.714957,2018-07-18,2018,"T2"
"1063",-86.5863883333,41.9215133333,2018-07-15,2018,"T2"
"1064",-87.578253,41.7832522,2018-07-10,2018,"T2"
"1065",-89.46152826,41.84847359,2018-07-11,2018,"T2"
"1066",-80.4495428924,42.7670037818,2018-07-15,2018,"T2"
"1067",-86.3068987616,42.3303031968,2018-07-12,2018,"T2"
"1068",-90.8475821757,38.7847662451,2018-07-12,2018,"T2"
"1069",-82.5054376177,41.9300770966,2018-07-08,2018,"T2"
"1070",-80.8046512306,41.9050659892,2018-07-11,2018,"T2"
"1071",-80.1909446822,42.173494966,2018-07-10,2018,"T2"
"1072",-88.246772,41.388198,2018-07-07,2018,"T2"
"1073",-80.1362720677,42.15015743,2018-07-09,2018,"T2"
"1074",-87.20541769,41.62257522,2018-07-08,2018,"T2"
"1075",-87.0776278333,41.6550116667,2018-07-06,2018,"T2"
"1076",-81.8838882446,41.4091682434,2018-07-06,2018,"T2"
"1077",-87.2050333333,41.625625,2018-07-06,2018,"T2"
"1078",-89.4378446662,43.0805086489,2018-07-06,2018,"T2"
"1079",-90.3071271015,38.3060834315,2018-07-05,2018,"T2"
"1080",-87.5912866667,41.811795,2018-07-05,2018,"T2"
"1081",-89.8785765,40.4006198,2015-07-28,2015,"T2"
"1082",-73.8950590548,41.6022617731,2016-07-18,2016,"T2"
"1083",-71.258663,42.364989,2017-09-25,2017,"T2"
"1084",-87.27599043,41.61476808,2018-07-05,2018,"T2"
"1085",-84.5731940401,33.9795590379,2018-07-05,2018,"T2"
"1086",-80.1772290315,42.1506934096,2018-07-05,2018,"T2"
"1087",-79.8819907312,43.3072899453,2017-06-09,2017,"T2"
"1088",-82.5197005297,41.9874471682,2018-06-13,2018,"T2"
"1089",-88.8664231197,41.3504660901,2018-06-06,2018,"T2"
"1090",-86.73075,36.1778866667,2018-06-30,2018,"T2"
"1091",-86.7309583333,36.1779366667,2018-06-30,2018,"T2"
"1092",-73.9812728779,40.6041066906,2018-06-29,2018,"T2"
"1093",-81.28375703,41.76110044,2018-06-29,2018,"T2"
"1094",-76.4677343759,38.9117204301,2018-06-28,2018,"T2"
"1095",-88.4688892309,41.900436203,2018-06-27,2018,"T2"
"1096",-77.2175952235,38.8002199055,2018-06-25,2018,"T2"
"1097",-80.1862764696,42.0530692693,2018-06-27,2018,"T2"
"1098",-89.9220784754,40.5758008361,2018-06-27,2018,"T2"
"1099",-82.4554388861,41.8480688838,2018-06-26,2018,"T2"
"1100",-86.73088,36.1781916667,2018-06-26,2018,"T2"
"1101",-82.6086835473,41.8335196758,2018-06-26,2018,"T2"
"1102",-87.7800639254,42.0025588386,2018-06-25,2018,"T2"
"1103",-83.1617828699,41.1400955272,2018-06-24,2018,"T2"
"1104",-83.1617828699,41.1400955272,2018-06-24,2018,"T2"
"1105",-82.6217589605,41.9334085449,2018-06-20,2018,"T2"
"1106",-88.3081581294,41.8655557064,2018-06-24,2018,"T2"
"1107",-93.2468483784,44.9150335696,2018-06-22,2018,"T2"
"1108",-87.740665041,41.9778148737,2018-06-22,2018,"T2"
"1109",-87.1769783333,41.6291466667,2018-06-22,2018,"T2"
"1110",-79.1722037165,42.6669020397,2018-06-11,2018,"T2"
"1111",-84.53104542,33.71549445,2018-06-21,2018,"T2"
"1112",-82.789487788,41.7835875017,2018-06-19,2018,"T2"
"1113",-89.2977419742,42.9636523805,2018-06-11,2018,"T2"
"1114",-79.137273355,42.8173130457,2018-06-19,2018,"T2"
"1115",-82.0614833292,41.2574175373,2018-06-19,2018,"T2"
"1116",-84.7447880265,40.1463083038,2018-06-18,2018,"T2"
"1117",-85.97818,35.87925,2018-06-16,2018,"T2"
"1118",-82.0615979099,41.2574036653,2018-06-15,2018,"T2"
"1119",-71.0869893619,42.4659731007,2018-06-14,2018,"T2"
"1120",-93.661675,35.1676533333,2018-06-11,2018,"T2"
"1121",-79.0346275705,42.7799805423,2018-06-11,2018,"T2"
"1122",-79.0381771802,42.7138297134,2018-06-11,2018,"T2"
"1123",-88.2287349044,41.4210071793,2018-05-25,2018,"T2"
"1124",-88.2404283144,41.3840803874,2018-05-25,2018,"T2"
"1125",-93.3259460584,44.970930554,2018-06-06,2018,"T2"
"1126",-87.831622,41.817544,2018-06-03,2018,"T2"
"1127",-71.1660627276,42.076179022,2018-06-05,2018,"T2"
"1128",-87.780153,42.003226,2018-06-02,2018,"T2"
"1129",-89.37117856,41.89931909,2018-06-02,2018,"T2"
"1130",-88.9600770549,42.2083495232,2018-06-02,2018,"T2"
"1131",-78.4886027543,35.6159046462,2018-06-01,2018,"T2"
"1132",-89.3564052656,41.8596244636,2018-06-01,2018,"T2"
"1133",-83.2753509715,36.2658474137,2018-06-01,2018,"T2"
"1134",-77.25360921,38.99637047,2018-05-30,2018,"T2"
"1135",-86.7439538096,33.5388912813,2018-05-31,2018,"T2"
"1136",-88.9392440021,41.3107493365,2018-05-22,2018,"T2"
"1137",-84.5866050851,33.9709487697,2018-05-22,2018,"T2"
"1138",-77.2987693544,38.8671560836,2018-05-20,2018,"T2"
"1139",-78.5696662671,35.938712989,2018-05-21,2018,"T2"
"1140",-73.965942016,40.604949366,2018-05-18,2018,"T2"
"1141",-73.8999212764,40.765367889,2018-05-18,2018,"T2"
"1142",-82.6051864887,41.7163921379,2018-04-28,2018,"T2"
"1143",-86.31480528,39.80543516,2018-05-17,2018,"T2"
"1144",-85.5145805545,42.8061948807,2018-05-17,2018,"T2"
"1145",-88.0815888333,41.50748,2018-05-16,2018,"T2"
"1146",-89.9900459872,38.837068691,2018-05-16,2018,"T2"
"1147",-85.01670331,42.9762007501,2011-06-06,2011,"T2"
"1148",-79.0152897474,42.61299693,2018-05-16,2018,"T2"
"1149",-77.3125918659,38.9115302764,2018-05-15,2018,"T2"
"1150",-84.5214388889,42.7083916667,2018-05-14,2018,"T2"
"1151",-82.4608868145,41.9533401672,2018-05-12,2018,"T2"
"1152",-82.4453143383,41.8489323086,2018-05-12,2018,"T2"
"1153",-82.3965588521,35.4939808169,2018-05-08,2018,"T2"
"1154",-82.5612272163,41.8646860036,2018-05-12,2018,"T2"
"1155",-77.5698068273,37.6250816184,2018-05-12,2018,"T2"
"1156",-87.78129684,42.00323343,2018-05-12,2018,"T2"
"1157",-73.9940361601,40.7475807369,2018-05-11,2018,"T2"
"1158",-73.9335188734,40.7126923288,2018-05-11,2018,"T2"
"1159",-79.2842853647,42.4176215148,2018-05-03,2018,"T2"
"1160",-82.6807476961,41.7513416691,2018-04-28,2018,"T2"
"1161",-91.1622215,37.1660936,2018-05-06,2018,"T2"
"1162",-85.8442372364,33.3928342816,2018-05-07,2018,"T2"
"1163",-74.63944132,40.26856295,2018-05-05,2018,"T2"
"1164",-92.51607946,34.84477267,2018-05-05,2018,"T2"
"1165",-92.52047536,34.84404161,2018-05-05,2018,"T2"
"1166",-73.8456569733,41.0539533992,2018-05-05,2018,"T2"
"1167",-82.5794521246,41.92470999,2018-04-30,2018,"T2"
"1168",-91.999275,35.5126033333,2018-05-04,2018,"T2"
"1169",-82.4933592965,41.954371717,2018-04-25,2018,"T2"
"1170",-85.37613457,34.97029676,2018-05-02,2018,"T2"
"1171",-81.441779,41.101445,2018-04-30,2018,"T2"
"1172",-82.5386367299,41.9296663537,2018-04-30,2018,"T2"
"1173",-87.6719165497,41.8439424795,2018-04-30,2018,"T2"
"1174",-82.68269616,41.61679186,2018-04-30,2018,"T2"
"1175",-86.8800874987,36.0740948422,2018-04-28,2018,"T2"
"1176",-79.3381562825,42.4665887105,2018-04-21,2018,"T2"
"1177",-80.7555452909,35.5115387486,2018-04-27,2018,"T2"
"1178",-89.33943197,41.85399709,2018-04-21,2018,"T2"
"1179",-87.8864085674,41.1479498338,2018-04-10,2018,"T2"
"1180",-90.404638,38.4712509,2012-05-22,2012,"T2"
"1181",-90.404638,38.4712509,2010-05-13,2010,"T2"
"1182",-87.208442688,41.6230137826,2016-07-24,2016,"T2"
"1183",-79.3723596822,42.4730390286,2018-03-17,2018,"T2"
"1184",-79.7191153549,43.6908899561,2018-03-10,2018,"T2"
"1185",-75.5147239344,45.207376854,2017-09-24,2017,"T2"
"1186",-88.99348744,41.31683409,2018-03-03,2018,"T2"
"1187",-90.9128146526,30.3453122126,2018-02-24,2018,"T2"
"1188",-81.2845587738,41.7603804683,2016-07-20,2016,"T2"
"1189",-82.5934908161,41.8665649475,2018-02-21,2018,"T2"
"1190",-79.8738075208,43.2428680895,2008-06-22,2008,"T2"
"1191",-90.8246066,38.4820731,2009-07-02,2009,"T2"
"1192",-79.1144027484,42.854985683,2014-06-08,2014,"T2"
"1193",-83.660985,42.270948,2018-01-09,2018,"T2"
"1194",-88.1725997925,41.3549957275,2018-01-29,2018,"T2"
"1195",-82.4899612035,41.9834143089,2001-09-30,2001,"T2"
"1196",-82.6911546353,41.7277930618,2003-05-21,2003,"T2"
"1197",-88.7171569738,42.0886977313,2016-06-09,2016,"T2"
"1198",-82.6291355884,41.6481291524,2003-05-22,2003,"T2"
"1199",-78.805103062,42.9680901483,2017-09-24,2017,"T2"
"1200",-80.0329583941,42.4881104539,2015-06-13,2015,"T2"
"1201",-71.1334388333,42.3267583333,2017-07-28,2017,"T2"
"1202",-80.2602036177,42.4919535124,2014-08-24,2014,"T2"
"1203",-90.9120736924,30.3471085383,2017-12-05,2017,"T2"
"1204",-88.1713166667,41.502225,2017-11-30,2017,"T2"
"1205",-79.1306223043,35.8883711332,2017-11-24,2017,"T2"
"1206",-90.81894,38.465554,2013-05-21,2013,"T2"
"1207",-82.4110781361,41.9013578948,2015-06-12,2015,"T2"
"1208",-82.688289526,41.9762446997,2016-06-01,2016,"T2"
"1209",-82.6934292135,41.7926271385,2010-06-17,2010,"T2"
"1210",-87.2041618824,41.6230879688,2017-09-19,2017,"T2"
"1211",-81.4782386897,42.6645234213,2017-10-14,2017,"T2"
"1212",-79.0585641132,35.8682639996,2017-10-10,2017,"T2"
"1213",-83.796136,40.057807,2017-09-30,2017,"T2"
"1214",-89.5936697342,43.1872384274,2017-09-29,2017,"T2"
"1215",-80.2645114124,43.0523539814,2017-10-01,2017,"T2"
"1216",-80.3242041544,43.1943921697,2017-10-01,2017,"T2"
"1217",-82.4610886103,41.8655943113,2017-10-01,2017,"T2"
"1218",-80.211153098,43.4303444263,2017-07-04,2017,"T2"
"1219",-82.7854292573,42.1254265777,2017-09-30,2017,"T2"
"1220",-79.5396773143,43.6115974645,2017-09-27,2017,"T2"
"1221",-80.5955565705,42.614774763,2017-09-21,2017,"T2"
"1222",-79.3469408824,42.5374567918,2017-08-29,2017,"T2"
"1223",-87.741199,41.978345,2017-09-17,2017,"T2"
"1224",-89.32902045,41.84574787,2017-09-13,2017,"T2"
"1225",-87.7411295661,41.9781674585,2017-09-12,2017,"T2"
"1226",-80.3754960611,43.0208815994,2017-09-11,2017,"T2"
"1227",-80.3777054701,43.034699916,2017-09-11,2017,"T2"
"1228",-80.3533690813,43.1678724077,2017-09-11,2017,"T2"
"1229",-80.3851076728,43.1049452613,2017-09-11,2017,"T2"
"1230",-82.6227217882,41.7696445918,2017-08-31,2017,"T2"
"1231",-82.4586552297,35.8057313787,2010-06-01,2010,"T2"
"1232",-80.80604951,41.90433537,2017-09-10,2017,"T2"
"1233",-80.2037446864,42.9821838061,2017-09-09,2017,"T2"
"1234",-79.9768445828,39.6459694114,2017-09-09,2017,"T2"
"1235",-87.2277755737,41.6186103821,2017-09-09,2017,"T2"
"1236",-86.6018206783,41.8755980531,2017-09-09,2017,"T2"
"1237",-84.8141795397,36.1208289649,2017-09-07,2017,"T2"
"1238",-84.3785783333,40.1503305,2017-09-05,2017,"T2"
"1239",-92.9036622052,34.4246925555,2017-08-27,2017,"T2"
"1240",-83.6040687561,41.0375098114,2017-08-22,2017,"T2"
"1241",-87.78014471,42.00252639,2017-08-21,2017,"T2"
"1242",-82.5796049146,41.9299294441,2017-08-12,2017,"T2"
"1243",-82.556350217,41.8223104514,2017-08-12,2017,"T2"
"1244",-80.2028492182,43.4905458922,2017-06-21,2017,"T2"
"1245",-92.2353179824,38.5909872129,2017-08-06,2017,"T2"
"1246",-83.8056945801,40.0609817505,2017-07-30,2017,"T2"
"1247",-87.8726283333,42.05365,2017-07-29,2017,"T2"
"1248",-87.5921633333,41.6502883333,2017-07-28,2017,"T2"
"1249",-79.8264456742,43.2228645295,2017-07-24,2017,"T2"
"1250",-86.80355,36.0908778333,2017-07-26,2017,"T2"
"1251",-86.803755,36.0909055,2017-07-26,2017,"T2"
"1252",-88.2257796003,43.0564907921,2017-07-24,2017,"T2"
"1253",-80.1678204838,42.0400137433,2017-07-18,2017,"T2"
"1254",-80.0848247852,42.133208436,2017-07-18,2017,"T2"
"1255",-80.0139279611,42.1161528143,2017-07-18,2017,"T2"
"1256",-79.8915006687,43.2065309538,2017-07-21,2017,"T2"
"1257",-81.0931070537,42.6266001674,2017-07-14,2017,"T2"
"1258",-89.8027416667,40.8258583333,2017-07-02,2017,"T2"
"1259",-87.2044616667,41.6239916667,2017-06-25,2017,"T2"
"1260",-81.4419444444,41.1538888889,2017-07-02,2017,"T2"
"1261",-81.9052123309,43.2445862991,2017-06-28,2017,"T2"
"1262",-81.0052622333,42.6199374692,2017-06-26,2017,"T2"
"1263",-89.8785765,40.4006198,2017-06-20,2017,"T2"
"1264",-90.027600369,41.9692631153,2017-06-03,2017,"T2"
"1265",-83.7944476953,40.0595506002,2017-06-17,2017,"T2"
"1266",-89.2697252304,42.1119484823,2017-06-13,2017,"T2"
"1267",-87.913109958,41.5190127193,2017-06-17,2017,"T2"
"1268",-81.2837216667,41.7610666667,2017-06-16,2017,"T2"
"1269",-86.3059116667,39.87516,2017-06-07,2017,"T2"
"1270",-87.0895660212,33.1268765311,2017-06-13,2017,"T2"
"1271",-87.9255151749,41.6880371395,2017-06-11,2017,"T2"
"1272",-92.6791094025,45.3184598959,2017-06-11,2017,"T2"
"1273",-89.003946,41.319348,2017-05-25,2017,"T2"
"1274",-87.78041528,42.0026059,2017-05-21,2017,"T2"
"1275",-92.2305303812,38.590775383,2017-05-11,2017,"T2"
"1276",-85.3776064609,34.9713621056,2017-05-02,2017,"T2"
"1277",-84.5798188333,33.9743185,2017-04-22,2017,"T2"
"1278",-77.2640118368,38.8296728275,2017-04-17,2017,"T2"
"1279",-90.9119714209,30.3471363616,2017-04-04,2017,"T2"
"1280",-80.138685488,42.0545572606,2017-03-11,2017,"T2"
"1281",-88.1566034403,43.0506362631,2017-03-05,2017,"T2"
"1282",-88.0647247716,43.1147672405,2017-03-05,2017,"T2"
"1283",-89.5250988007,40.9301638404,2017-02-28,2017,"T2"
"1284",-88.205956,41.36254,2017-02-26,2017,"T2"
"1285",-90.9129783333,30.3450283333,2017-02-11,2017,"T2"
"1286",-88.046754,41.818455,2017-01-10,2017,"T2"
"1287",-79.8902800775,43.2380165679,2016-06-28,2016,"T2"
"1288",-90.9140700102,30.3455643133,2016-12-12,2016,"T2"
"1289",-87.1101772785,41.6477329991,2016-07-16,2016,"T2"
"1290",-81.2837594748,41.7614688714,2006-07-10,2006,"T2"
"1291",-79.1425543358,42.9278410462,2015-10-05,2015,"T2"
"1292",-87.6103867777,42.0162869419,2016-09-05,2016,"T2"
"1293",-90.9116716667,30.3471916667,2016-10-25,2016,"T2"
"1294",-87.6306510531,41.6553006554,2016-10-12,2016,"T2"
"1295",-87.8312642555,41.0444720327,2016-07-10,2016,"T2"
"1296",-77.0608727326,38.72778027,2016-10-03,2016,"T2"
"1297",-85.3860855103,42.3984524082,2014-06-19,2014,"T2"
"1298",-80.4553162998,42.7665089201,2016-09-09,2016,"T2"
"1299",-87.7409791946,41.978052556,2016-08-24,2016,"T2"
"1300",-87.8283111659,41.9052172825,2016-08-14,2016,"T2"
"1301",-87.9876074244,43.0738541453,2016-08-04,2016,"T2"
"1302",-87.8342941684,41.9000627473,2016-08-07,2016,"T2"
"1303",-89.2780611111,42.1100416667,2016-07-17,2016,"T2"
"1304",-89.2686472222,42.1141583333,2016-07-17,2016,"T2"
"1305",-79.858714207,40.4180842005,2016-07-15,2016,"T2"
"1306",-78.0353181176,39.7355091686,2011-08-12,2011,"T2"
"1307",-77.7009184007,39.3152688817,2016-07-06,2016,"T2"
"1308",-88.282158,41.402628,2016-07-01,2016,"T2"
"1309",-80.1243178187,42.0123031833,2016-06-29,2016,"T2"
"1310",-77.3845550523,39.1500578408,2016-06-15,2016,"T2"
"1311",-82.4213640571,41.8150007053,2016-06-17,2016,"T2"
"1312",-86.1032165,35.4911599,2016-05-22,2016,"T2"
"1313",-87.632811,41.965138,2016-06-07,2016,"T2"
"1314",-93.6530386,35.17101726,2016-06-05,2016,"T2"
"1315",-87.9083485588,42.643135377,2016-05-26,2016,"T2"
"1316",-90.42312,38.5547416667,2016-05-24,2016,"T2"
"1317",-87.2708873,41.6146102,2016-05-20,2016,"T2"
"1318",-88.997575,39.845355,2016-04-30,2016,"T2"
"1319",-88.211514,41.376741,2016-02-24,2016,"T2"
"1320",-75.8922135122,44.8302714245,2013-08-20,2013,"T2"
"1321",-80.1626032941,42.1310335579,2016-02-13,2016,"T2"
"1322",-87.78011818,42.00266537,2016-02-07,2016,"T2"
"1323",-79.6163017995,42.3676027433,2015-11-25,2015,"T2"
"1324",-81.441779,41.101445,2015-10-28,2015,"T2"
"1325",-91.038989,30.426337,2015-09-28,2015,"T2"
"1326",-82.68371337,41.61635924,2015-09-26,2015,"T2"
"1327",-83.37483,38.930531,2015-08-19,2015,"T2"
"1328",-88.180325,41.798533,2015-08-06,2015,"T2"
"1329",-83.796908,40.058759,2015-07-13,2015,"T2"
"1330",-81.441779,41.101445,2010-08-26,2010,"T2"
"1331",-92.89830557,34.42444951,2015-06-14,2015,"T2"
"1332",-86.667215,36.053019,2015-05-23,2015,"T2"
"1333",-87.7802431,42.00232672,2015-05-17,2015,"T2"
"1334",-85.919594,35.290821,2015-04-08,2015,"T2"
"1335",-88.177466,41.79701,2014-12-10,2014,"T2"
"1336",-76.965205806,39.1915030406,2014-10-09,2014,"T2"
"1337",-79.7624028987,42.2145206408,2014-08-25,2014,"T2"
"1338",-79.7813069506,42.3946489255,2014-08-25,2014,"T2"
"1339",-79.649421897,42.2140507641,2014-08-25,2014,"T2"
"1340",-79.7122216218,42.2525645205,2014-08-25,2014,"T2"
"1341",-77.741481,39.318612,2014-08-07,2014,"T2"
"1342",-81.2685300693,36.5676162398,2014-07-17,2014,"T2"
"1343",-87.076769,41.656536,2014-07-05,2014,"T2"
"1344",-72.51991,43.6321,2014-07-01,2014,"T2"
"1345",-72.519681,43.63187,2014-06-23,2014,"T2"
"1346",-80.0858521203,42.0703040301,2014-06-07,2014,"T2"
"1347",-90.10579084,40.34976605,2014-06-05,2014,"T2"
"1348",-80.0173726858,42.0217754614,2013-12-27,2013,"T2"
"1349",-87.781385,42.003226,2013-09-14,2013,"T2"
"1350",-87.781391,42.00314731,2013-09-14,2013,"T2"
"1351",-80.0515086066,42.028022096,2013-09-01,2013,"T2"
"1352",-80.1762976485,42.0617773354,2013-09-01,2013,"T2"
"1353",-80.0470081583,42.1070290261,2013-08-10,2013,"T2"
"1354",-84.224291,39.655372,2013-08-10,2013,"T2"
"1355",-88.656905,41.638403,2013-07-25,2013,"T2"
"1356",-87.77815,41.999394,2013-06-02,2013,"T2"
"1357",-84.378518,40.103114,2013-06-22,2013,"T2"
"1358",-72.5198333333,43.632,2013-06-19,2013,"T2"
"1359",-88.5642085534,41.5946744107,2013-02-22,2013,"T2"
"1360",-81.286106,41.759581,2012-08-12,2012,"T2"
"1361",-81.1554070654,43.259203469,2012-08-02,2012,"T2"
"1362",-81.0167379075,43.24615165,2012-07-25,2012,"T2"
"1363",-93.151171,44.464508,2012-06-15,2012,"T2"
